,mean,std
numeric__last_valid_lat,0.04231323825657615,0.0026799417302661188
numeric__schedule_pos,0.04001965400473555,0.0013490757553904188
numeric__distance_to_first_future_stop_m,0.03600669565557624,0.002909098034998933
numeric__target_time_sin,0.0328290338619094,0.0013172509925304158
numeric__schedule_progress,0.03158961844980661,0.0012067229590530964
numeric__time_sin,0.03067679179838876,0.0011858338410504275
numeric__first_future_stop_lat,0.028341147976295066,0.0027771224688264598
numeric__route_proxy_required_speed_kmh,0.026865136326586176,0.0011724242752661133
numeric__target_time_cos,0.026210604237780245,0.0007840732850257406
numeric__target_minute_of_day,0.023362814609372087,0.001258278018494949
numeric__time_cos,0.021930854104904557,0.0006228050153376875
numeric__prev_stop_lat,0.020518226988153348,0.003445289103524669
numeric__minute_of_day,0.020305982733737987,0.0007811962325359063
numeric__next_stop_lon,0.020005134467352387,0.0009119437736658294
numeric__last_valid_lon,0.01858657575145093,0.0009347913322401105
numeric__prev_stop_lon,0.01843974481374997,0.0017487908139584706
numeric__route_proxy_m,0.018365631456650332,0.0012232958847411008
categorical__current_grid_4,0.018147341813565095,0.0004907882863370139
numeric__route_proxy_m_sqrt,0.01801899800601168,0.0014577418872116514
numeric__stop_lat,0.015934367871842398,0.0023513297554552167
categorical__current_grid_3,0.015864755181675606,0.0005848326727241444
numeric__stop_lon,0.015543795674050172,0.00039880294428481285
categorical__target_grid_2,0.015135437320158757,0.0015449753714966027
categorical__target_grid_3,0.015078697085784581,0.00070034603054216
categorical__target_grid_4,0.015043690905302587,0.00037241306732300046
numeric__next_stop_lat,0.014994661069348122,0.0011119598045655466
categorical__current_grid_2,0.01495206466495182,0.001997205791017843
numeric__scheduled_stops_per_min,0.014452899128744945,0.0007336004777807824
numeric__first_future_stop_lon,0.01434254375148852,0.0010507822045254863
numeric__planned_seconds_per_stop,0.013673729027489537,0.0008657127328978444
numeric__bearing_sin,0.012941996733885356,0.00039833173778515364
numeric__future_gap_mean_s,0.012656049583566748,0.0009747188074972039
numeric__planned_vs_straight_distance_m,0.011554492513573855,0.0003075720679548758
numeric__hour,0.011543050744877785,0.00047590909834673847
numeric__target_hour,0.011403868378439343,0.0006556563607263792
numeric__bearing_cos,0.011390092429579207,0.0005444811338463363
numeric__route_m_per_stop,0.010746018611450968,0.0006137240311456103
numeric__bearing_to_target_deg,0.009597855188066294,0.0007959515291348007
numeric__distance_prev_stop_m,0.008164896374413904,0.0004427787313458849
numeric__distance_next_stop_m,0.007804311114373014,0.0002966787214526978
numeric__heading_error_deg,0.0076075336349023664,0.0003790613327455107
numeric__required_speed_kmh_sq,0.007599694747298223,0.00018740547757279527
numeric__scheduled_path_m,0.00759267401152103,0.00036001417300869285
numeric__required_speed_kmh_sqrt,0.007575869922133995,0.0002261703320725251
numeric__straight_to_route_ratio,0.0075674737652351816,0.00032817694295969525
numeric__route_straightness,0.00755563880303545,0.000381632761860584
numeric__required_speed_kmh,0.007548844502917415,0.0003158424164674266
numeric__last_heading_sin,0.007377973328608944,0.00022902129205882075
numeric__distance_to_target_m_sqrt,0.007120821786393494,0.00039742808715938444
numeric__distance_to_target_m,0.007105751209871662,0.00027630215265723746
numeric__last_receive_lag_s,0.006591425048700844,0.0002707787910698438
numeric__last_heading_cos,0.006241305388988029,0.00031529499174340434
numeric__scheduled_stops_to_target,0.0057672689954521485,0.0007426177048380336
numeric__schedule_rows,0.005721061835323206,0.00037409689441733114
numeric__heading_error_abs_deg,0.005715005093313678,0.00030504419501435924
numeric__heading_alignment,0.005667867216485625,0.0003264795975344968
numeric__projected_speed_margin_kmh,0.0056260217783673395,0.0003127402285051534
numeric__valid_age_s,0.005561646580641211,0.0003046656390905596
numeric__projected_speed_kmh,0.005473429668103248,0.0005366029700912436
numeric__valid_age_s_sqrt,0.005467476409137646,0.00019913859525978744
numeric__last_valid_heading_deg,0.0052151320568575715,0.00024144606480407569
numeric__distance_x_valid_age,0.005186932655949634,0.00027678182219237747
numeric__stop_visit_count,0.00510811404994321,0.0003721967030303888
numeric__last_heading_deg,0.00509340669438082,0.00022276417372099237
numeric__planned_speed_next_kmh,0.004905877939581199,0.00046384074454815363
numeric__last_valid_speed_kmh,0.00452713170050224,0.0004907883308258305
numeric__planned_speed_prev_kmh,0.0045048764749368725,0.00031003555798474614
numeric__last_valid_speed_kmh_sq,0.0044632910921256815,0.000453911668400021
numeric__prev_segment_m,0.004078518821174837,0.00032145479913324107
numeric__next_segment_m,0.003972806146069289,0.0002537790436506456
numeric__speed_margin_kmh,0.003948738747652303,0.00013351295734268453
numeric__speed_to_required_ratio,0.0034012577378768664,0.00024488457657149466
numeric__eta_margin_last_speed_s,0.0031450101351483844,0.00019377826975035918
numeric__eta_last_speed_s,0.0031125941330322803,9.611215281739966e-05
numeric__event_age_s,0.0030035048485512967,0.0002082479866179375
numeric__future_gap_max_s,0.0029845022218237594,0.0001319004263951543
numeric__stop_headway_next_s,0.0028495569147857823,0.0002007039623430899
numeric__eta_projected_speed_s,0.002751177840763902,0.00020414123157087562
numeric__receive_age_s,0.002656294006074827,8.978774243601473e-05
numeric__packet_age_s,0.0026335582909639754,0.00011767559080452951
numeric__packet_age_s_sqrt,0.0026205710843907873,0.00010018461054515067
numeric__eta_margin_projected_s,0.0026180078678360664,0.00019459783904054098
numeric__last_speed_kmh,0.002473695195780515,9.151395663814605e-05
numeric__stop_headway_prev_s,0.0023929685643826605,0.00020582925757541576
numeric__planned_gap_prev_s,0.0021415855242130797,0.0001364640873788909
numeric__horizon_min,0.0019859005043953142,7.624170588524935e-05
numeric__horizon_s,0.0019589488735672917,7.292813741334415e-05
numeric__planned_gap_next_s,0.0013544466370399432,0.0002145135827733662
numeric__valid_age_gt_90s,0.0011869469048995187,0.00015568281640679937
numeric__valid_age_gt_30s,0.0009274634394222852,0.00018096297067016312
numeric__missingindicator_eta_projected_speed_s,0.0008012881211738657,0.00018944399673458698
numeric__missingindicator_eta_margin_projected_s,0.000792757491410769,0.00016764517422863807
numeric__last_location_valid,0.0006928006105721938,9.282200286437115e-05
numeric__valid_age_gt_5m,0.0006048750429919785,3.5889495765939635e-05
numeric__missingindicator_eta_last_speed_s,0.0003868774646638846,4.1846187050627075e-05
numeric__missingindicator_eta_margin_last_speed_s,0.00035732426836816695,3.251292107196985e-05
numeric__missingindicator_last_speed_kmh,0.00019982584526628496,2.0009267921769864e-05
numeric__missingindicator_last_heading_deg,0.00019981345088649082,2.1034332748590192e-05
numeric__same_grid_2,0.0001652228290889016,1.527989557888464e-05
numeric__missingindicator_stop_headway_prev_s,0.000140957744574667,3.399268397737363e-05
numeric__missingindicator_planned_speed_prev_kmh,0.00012012531785533502,1.8257477452297443e-05
numeric__missingindicator_stop_headway_next_s,0.00011752639694669303,2.1567800806041473e-05
numeric__missingindicator_future_gap_max_s,6.0937875224729553e-05,7.547104052521789e-06
numeric__packet_age_gt_30s,5.73885340322133e-05,3.658558959655689e-06
numeric__missingindicator_planned_speed_next_kmh,5.6891432050466795e-05,5.572868860577493e-06
numeric__missingindicator_future_gap_mean_s,5.679300680752355e-05,1.007987213706756e-05
numeric__same_grid_3,5.070161245810574e-05,1.3572263753121162e-05
numeric__missingindicator_next_segment_m,1.6124103024064327e-05,8.104775519321796e-06
numeric__missingindicator_next_stop_lon,1.286731006041517e-05,1.0537983704498098e-05
numeric__missingindicator_next_stop_lat,1.1994660455234542e-05,3.851776982628615e-06
numeric__missingindicator_distance_next_stop_m,1.0740201009289218e-05,4.048147830369673e-06
numeric__missingindicator_planned_gap_next_s,1.0095115351426113e-05,3.2942284101159708e-06
numeric__missingindicator_prev_segment_m,5.775453330999975e-06,1.9443315583586677e-06
numeric__missingindicator_planned_gap_prev_s,5.469369771864637e-06,2.4904830012308514e-06
numeric__missingindicator_distance_prev_stop_m,5.444452739836088e-06,1.8486147323954029e-06
numeric__missingindicator_prev_stop_lon,5.07200057464523e-06,1.4392754406980206e-06
numeric__missingindicator_prev_stop_lat,5.067369771553725e-06,1.4769849747912208e-06
numeric__missingindicator_receive_age_s,4.0682078612535217e-07,2.6334720327689163e-07
numeric__missingindicator_required_speed_kmh_sq,3.7853479757888553e-07,5.146260222171569e-07
numeric__missingindicator_heading_error_deg,3.625466249352294e-07,3.711520858873916e-07
numeric__missingindicator_last_valid_lat,3.478185934011674e-07,2.556925770119824e-07
numeric__missingindicator_last_receive_lag_s,3.2396378256381536e-07,1.9933650678059784e-07
numeric__missingindicator_speed_to_required_ratio,3.1314984060701565e-07,1.3096654524381814e-07
numeric__missingindicator_required_speed_kmh,3.010500685509444e-07,3.161541710212479e-07
numeric__missingindicator_heading_error_abs_deg,2.8786330595285617e-07,1.8666862992700026e-07
numeric__missingindicator_speed_margin_kmh,2.8715897478651093e-07,1.4589844172004316e-07
numeric__missingindicator_bearing_sin,2.84165409072616e-07,2.90595661504255e-07
numeric__missingindicator_last_heading_cos,2.8076871172260076e-07,1.9604858754108628e-07
numeric__missingindicator_route_proxy_m,2.803204676558736e-07,2.941694021086165e-07
numeric__missingindicator_projected_speed_margin_kmh,2.6083259852994403e-07,3.3739119350370987e-07
numeric__missingindicator_last_valid_lon,2.6082671397446993e-07,1.5594189739352378e-07
numeric__missingindicator_planned_vs_straight_distance_m,2.5318280363053995e-07,2.000480927042152e-07
numeric__missingindicator_packet_age_s_sqrt,2.44271239796377e-07,9.238729556691894e-08
numeric__missingindicator_straight_to_route_ratio,2.3872391716654603e-07,1.8664522830074688e-07
numeric__missingindicator_route_proxy_m_sqrt,2.3657381565864162e-07,2.1734895719046568e-07
numeric__missingindicator_last_heading_sin,2.3557910577400704e-07,1.5178657092794101e-07
numeric__missingindicator_distance_to_target_m,2.25723046395659e-07,1.4828271197947114e-07
numeric__missingindicator_last_speed_outlier,2.195226429583605e-07,2.3921498276301554e-07
numeric__missingindicator_last_valid_speed_kmh_sq,2.110804518702033e-07,1.2842748408015332e-07
numeric__missingindicator_packet_age_s,2.1082736772017268e-07,2.0992477164233368e-07
numeric__missingindicator_route_m_per_stop,2.1037590266563784e-07,3.053832395796541e-07
numeric__missingindicator_valid_age_s_sqrt,2.0315380147594976e-07,1.7723418048754584e-07
numeric__missingindicator_required_speed_kmh_sqrt,1.9960659332523776e-07,1.8913235306453045e-07
numeric__missingindicator_bearing_to_target_deg,1.9902647212777488e-07,1.8594931050014882e-07
numeric__missingindicator_route_straightness,1.9591613649720245e-07,2.2999937772283368e-07
numeric__missingindicator_valid_age_s,1.9235828453664628e-07,1.245689575080075e-07
numeric__missingindicator_projected_speed_kmh,1.7562628142187863e-07,1.889485612507504e-07
numeric__missingindicator_last_location_valid,1.712645841669474e-07,6.581105192272085e-08
numeric__missingindicator_distance_x_valid_age,1.6928461686905576e-07,3.786314766632151e-08
numeric__missingindicator_route_proxy_required_speed_kmh,1.527243137379219e-07,5.114725343793472e-08
numeric__missingindicator_heading_alignment,1.4489480109611825e-07,2.0259047973967208e-07
numeric__missingindicator_last_valid_speed_kmh,1.4233001925888844e-07,1.1809085770110096e-07
numeric__missingindicator_bearing_cos,1.1403334203596186e-07,1.6948750086408097e-07
numeric__missingindicator_last_valid_heading_deg,1.0754932519898455e-07,8.499813548864654e-08
numeric__missingindicator_event_age_s,9.13556751954349e-08,1.434189477964822e-07
numeric__missingindicator_distance_to_first_future_stop_m,8.718060065173516e-08,6.243355723998643e-08
numeric__missingindicator_distance_to_target_m_sqrt,7.834580377615265e-08,8.233512771874798e-08
numeric__same_grid_4,5.626732520226149e-08,4.419227398077855e-08
numeric__last_speed_outlier,8.243737058195e-10,1.2222614622922605e-09
