sample_id,tr_id,T,fold,target,prediction,abs_error
122048_1767665400,122048,2026-01-06 02:10:00,0,-25.0,60.87291666666667,85.87291666666667
122048_1767665700,122048,2026-01-06 02:15:00,0,0.0,68.705,68.705
122048_1767666000,122048,2026-01-06 02:20:00,0,0.0,78.28437500000001,78.28437500000001
122048_1767666300,122048,2026-01-06 02:25:00,0,0.0,22.78333333333333,22.78333333333333
122048_1767666600,122048,2026-01-06 02:30:00,0,0.0,15.86583333333334,15.86583333333334
133957_1767666600,133957,2026-01-06 02:30:00,0,-32.0,-7.7179166666666665,24.282083333333333
129964_1767666600,129964,2026-01-06 02:30:00,0,44.0,55.54666666666668,11.546666666666681
133957_1767666900,133957,2026-01-06 02:35:00,0,-32.0,8.828958333333334,40.82895833333333
132430_1767666900,132430,2026-01-06 02:35:00,0,46.0,74.93187499999999,28.93187499999999
122048_1767666900,122048,2026-01-06 02:35:00,0,0.0,39.04916666666666,39.04916666666666
129964_1767666900,129964,2026-01-06 02:35:00,0,16.0,20.595000000000006,4.595000000000006
133957_1767667200,133957,2026-01-06 02:40:00,0,17.0,28.28395833333332,11.28395833333332
132430_1767667200,132430,2026-01-06 02:40:00,0,102.0,117.68708333333332,15.68708333333332
122048_1767667200,122048,2026-01-06 02:40:00,0,0.0,41.58645833333333,41.58645833333333
129964_1767667200,129964,2026-01-06 02:40:00,0,-27.0,-10.684375,16.315625
132430_1767667500,132430,2026-01-06 02:45:00,0,-23.0,45.60791666666667,68.60791666666667
122048_1767667500,122048,2026-01-06 02:45:00,0,0.0,22.97642628205128,22.97642628205128
129964_1767667500,129964,2026-01-06 02:45:00,0,2.0,41.60124999999998,39.60124999999998
133957_1767667500,133957,2026-01-06 02:45:00,0,-66.0,25.42854166666666,91.42854166666666
122048_1767667800,122048,2026-01-06 02:50:00,0,0.0,37.54996794871794,37.54996794871794
133957_1767667800,133957,2026-01-06 02:50:00,0,-74.0,-12.811875,61.188125
132430_1767667800,132430,2026-01-06 02:50:00,0,-2.0,50.19541666666668,52.19541666666668
129964_1767667800,129964,2026-01-06 02:50:00,0,-70.0,-23.35416666666667,46.64583333333333
134040_1767667800,134040,2026-01-06 02:50:00,0,20.0,31.191875,11.191875
129964_1767668100,129964,2026-01-06 02:55:00,0,-76.0,-8.107500000000002,67.8925
132430_1767668100,132430,2026-01-06 02:55:00,0,27.0,77.40979166666665,50.40979166666665
122048_1767668100,122048,2026-01-06 02:55:00,0,0.0,10.631009615384615,10.631009615384615
133957_1767668100,133957,2026-01-06 02:55:00,0,-61.0,-14.713333333333333,46.28666666666667
134040_1767668100,134040,2026-01-06 02:55:00,0,93.0,71.56062499999997,21.439375000000027
132430_1767668400,132430,2026-01-06 03:00:00,0,22.0,132.24791666666667,110.24791666666667
122048_1767668400,122048,2026-01-06 03:00:00,0,0.0,14.633333333333333,14.633333333333333
133957_1767668400,133957,2026-01-06 03:00:00,0,-34.0,47.577916666666695,81.5779166666667
122048_1767668700,122048,2026-01-06 03:05:00,0,0.0,5.015208333333333,5.015208333333333
132430_1767668700,132430,2026-01-06 03:05:00,0,74.0,167.45854166666672,93.45854166666672
122048_1767669000,122048,2026-01-06 03:10:00,0,0.0,8.755,8.755
132430_1767669000,132430,2026-01-06 03:10:00,0,1.0,54.55354166666665,53.55354166666665
133957_1767669300,133957,2026-01-06 03:15:00,0,46.0,41.08065476190477,4.919345238095232
132430_1767669300,132430,2026-01-06 03:15:00,0,4.0,53.08541666666666,49.08541666666666
122048_1767669300,122048,2026-01-06 03:15:00,0,0.0,-8.603760822510823,8.603760822510823
122048_1767669600,122048,2026-01-06 03:20:00,0,0.0,0.5064583333333332,0.5064583333333332
133957_1767669600,133957,2026-01-06 03:20:00,0,58.0,47.86083333333334,10.13916666666666
132430_1767669600,132430,2026-01-06 03:20:00,0,84.0,86.458125,2.4581249999999955
133957_1767669900,133957,2026-01-06 03:25:00,0,40.0,41.87581250000001,1.8758125000000092
122048_1767669900,122048,2026-01-06 03:25:00,0,0.0,2.4995833333333337,2.4995833333333337
132430_1767669900,132430,2026-01-06 03:25:00,0,58.0,48.421875,9.578125
133957_1767670200,133957,2026-01-06 03:30:00,0,133.0,79.95666666666666,53.04333333333334
134040_1767670200,134040,2026-01-06 03:30:00,0,110.0,80.45354166666667,29.546458333333334
129964_1767670200,129964,2026-01-06 03:30:00,0,74.0,62.25104166666665,11.748958333333348
135081_1767670200,135081,2026-01-06 03:30:00,0,14.0,41.30895833333334,27.308958333333337
122048_1767670200,122048,2026-01-06 03:30:00,0,0.0,11.875416666666668,11.875416666666668
122048_1767670500,122048,2026-01-06 03:35:00,0,0.0,17.421861979166668,17.421861979166668
129964_1767670500,129964,2026-01-06 03:35:00,0,61.0,45.19458333333334,15.805416666666659
133957_1767670500,133957,2026-01-06 03:35:00,0,55.0,34.655,20.345
134040_1767670500,134040,2026-01-06 03:35:00,0,129.0,115.81312499999999,13.186875000000015
135081_1767670500,135081,2026-01-06 03:35:00,0,63.0,68.23416666666667,5.234166666666667
132430_1767670500,132430,2026-01-06 03:35:00,0,215.0,120.90229166666668,94.09770833333332
135081_1767670800,135081,2026-01-06 03:40:00,0,54.0,60.06291666666666,6.062916666666659
129964_1767670800,129964,2026-01-06 03:40:00,0,-16.0,26.312083333333334,42.312083333333334
133957_1767670800,133957,2026-01-06 03:40:00,0,-10.0,27.43125000000001,37.431250000000006
122048_1767670800,122048,2026-01-06 03:40:00,0,0.0,70.16333333333333,70.16333333333333
134040_1767670800,134040,2026-01-06 03:40:00,0,132.0,120.69375,11.306250000000006
132430_1767670800,132430,2026-01-06 03:40:00,0,162.0,117.25229166666661,44.74770833333339
134040_1767671100,134040,2026-01-06 03:45:00,0,60.0,137.6941666666667,77.69416666666669
133957_1767671100,133957,2026-01-06 03:45:00,0,-86.0,7.378125,93.378125
129964_1767671100,129964,2026-01-06 03:45:00,0,-55.0,-2.9756250000000004,52.024375
132430_1767671100,132430,2026-01-06 03:45:00,0,137.0,101.58395833333329,35.416041666666715
122048_1767671100,122048,2026-01-06 03:45:00,0,0.0,89.86187500000001,89.86187500000001
135081_1767671100,135081,2026-01-06 03:45:00,0,45.0,36.963750000000005,8.036249999999995
122048_1767671400,122048,2026-01-06 03:50:00,0,0.0,99.84375,99.84375
129964_1767671400,129964,2026-01-06 03:50:00,0,22.0,33.57020833333334,11.57020833333334
132430_1767671400,132430,2026-01-06 03:50:00,0,244.0,144.25250000000003,99.74749999999997
134040_1767671400,134040,2026-01-06 03:50:00,0,43.0,143.29687500000006,100.29687500000006
133957_1767671400,133957,2026-01-06 03:50:00,0,-86.0,22.211249999999993,108.21124999999999
135081_1767671400,135081,2026-01-06 03:50:00,0,84.0,60.54625000000001,23.453749999999992
135081_1767671700,135081,2026-01-06 03:55:00,0,104.0,58.00958333333333,45.99041666666667
132430_1767671700,132430,2026-01-06 03:55:00,0,324.0,231.67541666666665,92.32458333333335
133957_1767671700,133957,2026-01-06 03:55:00,0,-40.0,3.1333333333333337,43.13333333333333
134040_1767671700,134040,2026-01-06 03:55:00,0,-29.0,59.60187499999998,88.60187499999998
122048_1767671700,122048,2026-01-06 03:55:00,0,0.0,8.654791666666668,8.654791666666668
129964_1767671700,129964,2026-01-06 03:55:00,0,-50.0,3.8560416666666653,53.85604166666666
135081_1767672000,135081,2026-01-06 04:00:00,0,-33.0,14.563541666666662,47.563541666666666
132430_1767672000,132430,2026-01-06 04:00:00,0,364.0,253.179375,110.820625
129964_1767672000,129964,2026-01-06 04:00:00,0,-7.0,7.885625,14.885625000000001
133957_1767672000,133957,2026-01-06 04:00:00,0,-29.0,24.544166666666666,53.54416666666667
135081_1767672300,135081,2026-01-06 04:05:00,0,-40.0,-34.087500000000006,5.912499999999994
133957_1767672300,133957,2026-01-06 04:05:00,0,-51.0,-48.20458333333332,2.795416666666682
122048_1767672300,122048,2026-01-06 04:05:00,0,66.0,35.06979166666668,30.93020833333332
132430_1767672300,132430,2026-01-06 04:05:00,0,275.0,210.62,64.38
129964_1767672300,129964,2026-01-06 04:05:00,0,-9.0,32.79229166666667,41.79229166666667
133957_1767672600,133957,2026-01-06 04:10:00,0,-8.0,-28.893958333333334,20.893958333333334
135081_1767672600,135081,2026-01-06 04:10:00,0,-145.0,-86.5975,58.4025
122048_1767672600,122048,2026-01-06 04:10:00,0,66.0,110.51687499999997,44.51687499999997
132430_1767672600,132430,2026-01-06 04:10:00,0,322.0,196.15791666666667,125.84208333333333
133957_1767672900,133957,2026-01-06 04:15:00,0,-34.0,-27.54875,6.451250000000002
122048_1767672900,122048,2026-01-06 04:15:00,0,170.0,121.068125,48.931875000000005
132430_1767672900,132430,2026-01-06 04:15:00,0,130.0,138.528125,8.528124999999989
130238_1767672900,130238,2026-01-06 04:15:00,0,-23.0,-5.560833333333334,17.439166666666665
135081_1767672900,135081,2026-01-06 04:15:00,0,-98.0,-30.368125000000006,67.631875
129964_1767672900,129964,2026-01-06 04:15:00,0,-29.0,-32.790625,3.7906249999999986
129964_1767673200,129964,2026-01-06 04:20:00,0,-57.0,-42.729375,14.270625000000003
130238_1767673200,130238,2026-01-06 04:20:00,0,39.0,33.393333333333345,5.606666666666655
122048_1767673200,122048,2026-01-06 04:20:00,0,41.0,98.51416666666665,57.514166666666654
132430_1767673200,132430,2026-01-06 04:20:00,0,129.0,143.16958333333335,14.16958333333335
135081_1767673200,135081,2026-01-06 04:20:00,0,71.0,17.823541666666664,53.176458333333336
129964_1767673500,129964,2026-01-06 04:25:00,0,19.0,3.6252083333333336,15.374791666666667
122048_1767673500,122048,2026-01-06 04:25:00,0,25.0,66.97145833333336,41.97145833333336
132430_1767673500,132430,2026-01-06 04:25:00,0,265.0,204.05312500000008,60.94687499999992
130238_1767673500,130238,2026-01-06 04:25:00,0,26.0,15.490624999999996,10.509375000000004
135081_1767673500,135081,2026-01-06 04:25:00,0,64.0,-1.0060416666666656,65.00604166666666
130238_1767673800,130238,2026-01-06 04:30:00,0,10.0,46.04375000000002,36.04375000000002
131672_1767673800,131672,2026-01-06 04:30:00,0,-73.0,-0.8822916666666668,72.11770833333334
133957_1767673800,133957,2026-01-06 04:30:00,0,32.0,32.12708333333333,0.12708333333333144
129964_1767673800,129964,2026-01-06 04:30:00,0,-15.0,32.24541666666667,47.24541666666667
135081_1767673800,135081,2026-01-06 04:30:00,0,111.0,54.76083333333333,56.23916666666667
129964_1767674100,129964,2026-01-06 04:35:00,0,72.0,63.96541666666666,8.034583333333337
130238_1767674100,130238,2026-01-06 04:35:00,0,131.0,63.83666666666666,67.16333333333334
135081_1767674100,135081,2026-01-06 04:35:00,0,80.0,62.05916666666666,17.940833333333337
131672_1767674100,131672,2026-01-06 04:35:00,0,121.0,66.62375000000002,54.376249999999985
133957_1767674100,133957,2026-01-06 04:35:00,0,43.0,70.13958333333333,27.139583333333334
133957_1767674400,133957,2026-01-06 04:40:00,0,74.0,71.35395833333332,2.646041666666676
135081_1767674400,135081,2026-01-06 04:40:00,0,122.0,87.7579166666667,34.2420833333333
129964_1767674400,129964,2026-01-06 04:40:00,0,95.0,82.62666666666667,12.373333333333335
131672_1767674400,131672,2026-01-06 04:40:00,0,145.0,42.55395833333334,102.44604166666666
130238_1767674400,130238,2026-01-06 04:40:00,0,168.0,78.39041666666664,89.60958333333336
130238_1767674700,130238,2026-01-06 04:45:00,0,240.0,109.61479166666662,130.38520833333337
131672_1767674700,131672,2026-01-06 04:45:00,0,125.0,115.1171666666667,9.882833333333295
133957_1767674700,133957,2026-01-06 04:45:00,0,171.0,97.66249999999998,73.33750000000002
135081_1767674700,135081,2026-01-06 04:45:00,0,94.0,61.08484374999998,32.91515625000002
129964_1767674700,129964,2026-01-06 04:45:00,0,46.0,56.70937499999997,10.709374999999973
130238_1767675000,130238,2026-01-06 04:50:00,0,233.0,166.48166666666665,66.51833333333335
135081_1767675000,135081,2026-01-06 04:50:00,0,53.0,33.34437499999999,19.655625000000008
129964_1767675000,129964,2026-01-06 04:50:00,0,38.0,18.136458333333334,19.863541666666666
131672_1767675000,131672,2026-01-06 04:50:00,0,166.0,72.65333333333334,93.34666666666666
133300_1767675000,133300,2026-01-06 04:50:00,0,99.0,95.13333333333333,3.8666666666666742
133957_1767675000,133957,2026-01-06 04:50:00,0,92.0,42.08291666666666,49.91708333333334
135081_1767675300,135081,2026-01-06 04:55:00,0,208.0,84.40645833333333,123.59354166666667
133300_1767675300,133300,2026-01-06 04:55:00,0,99.0,93.78124999999999,5.218750000000014
131672_1767675300,131672,2026-01-06 04:55:00,0,88.0,57.822708333333345,30.177291666666655
129964_1767675300,129964,2026-01-06 04:55:00,0,105.0,38.17916666666667,66.82083333333333
133957_1767675300,133957,2026-01-06 04:55:00,0,5.0,11.676875,6.676875000000001
133957_1767675600,133957,2026-01-06 05:00:00,0,-10.0,23.073125000000005,33.073125000000005
122048_1767675600,122048,2026-01-06 05:00:00,0,-68.0,-20.387083333333344,47.612916666666656
133300_1767675600,133300,2026-01-06 05:00:00,0,180.0,166.89916666666664,13.100833333333355
129964_1767675600,129964,2026-01-06 05:00:00,0,46.0,65.08895833333332,19.088958333333323
135081_1767675600,135081,2026-01-06 05:00:00,0,299.0,134.55520833333333,164.44479166666667
133300_1767675900,133300,2026-01-06 05:05:00,0,135.0,133.61687500000002,1.3831249999999784
122048_1767675900,122048,2026-01-06 05:05:00,0,-86.0,-6.873750000000001,79.12625
129964_1767675900,129964,2026-01-06 05:05:00,0,20.0,39.401583333333335,19.401583333333335
133957_1767675900,133957,2026-01-06 05:05:00,0,-32.0,-2.4491666666666654,29.550833333333333
135081_1767675900,135081,2026-01-06 05:05:00,0,224.0,110.95250000000001,113.04749999999999
133300_1767676200,133300,2026-01-06 05:10:00,0,170.0,175.4833333333333,5.483333333333292
133957_1767676200,133957,2026-01-06 05:10:00,0,95.0,16.47145833333333,78.52854166666667
133300_1767676500,133300,2026-01-06 05:15:00,0,169.0,244.62229166666657,75.62229166666657
133300_1767676800,133300,2026-01-06 05:20:00,0,289.0,219.21000000000004,69.78999999999996
133300_1767677400,133300,2026-01-06 05:30:00,0,87.0,70.70354166666667,16.296458333333334
130238_1767677400,130238,2026-01-06 05:30:00,0,-50.0,10.204791666666663,60.204791666666665
134040_1767677400,134040,2026-01-06 05:30:00,0,71.0,70.33354166666666,0.6664583333333383
134040_1767677700,134040,2026-01-06 05:35:00,0,174.0,115.0625,58.9375
133300_1767677700,133300,2026-01-06 05:35:00,0,87.0,73.24437499999999,13.755625000000009
130238_1767677700,130238,2026-01-06 05:35:00,0,-47.0,-0.4575000000000003,46.5425
130238_1767678000,130238,2026-01-06 05:40:00,0,-45.0,0.9254166666666669,45.92541666666666
133300_1767678000,133300,2026-01-06 05:40:00,0,108.0,69.19750000000002,38.80249999999998
134040_1767678000,134040,2026-01-06 05:40:00,0,-25.0,64.36833333333333,89.36833333333333
133300_1767678300,133300,2026-01-06 05:45:00,0,59.0,145.51749999999984,86.51749999999984
130238_1767678300,130238,2026-01-06 05:45:00,0,-142.0,-51.50388888888889,90.4961111111111
133300_1767678600,133300,2026-01-06 05:50:00,0,40.0,155.6170833333334,115.6170833333334
133300_1767678900,133300,2026-01-06 05:55:00,0,-2.0,105.84062500000002,107.84062500000002
130238_1767679500,130238,2026-01-06 06:05:00,0,0.0,10.445833333333331,10.445833333333331
130238_1767679800,130238,2026-01-06 06:10:00,0,0.0,15.148333333333335,15.148333333333335
132430_1767679800,132430,2026-01-06 06:10:00,0,73.0,58.00562499999999,14.994375000000012
134040_1767679800,134040,2026-01-06 06:10:00,0,23.0,12.635208333333335,10.364791666666665
132430_1767680100,132430,2026-01-06 06:15:00,0,73.0,76.70937500000001,3.7093750000000085
134040_1767680100,134040,2026-01-06 06:15:00,0,26.0,51.19679166666667,25.19679166666667
130238_1767680100,130238,2026-01-06 06:15:00,0,0.0,-7.9522916666666665,7.9522916666666665
134040_1767680400,134040,2026-01-06 06:20:00,0,-52.0,-20.441875,31.558125
130238_1767680400,130238,2026-01-06 06:20:00,0,0.0,-4.3097916666666665,4.3097916666666665
132430_1767680400,132430,2026-01-06 06:20:00,0,-15.0,-7.787499999999999,7.212500000000001
134040_1767680700,134040,2026-01-06 06:25:00,0,-87.0,43.98541666666667,130.98541666666668
132430_1767680700,132430,2026-01-06 06:25:00,0,-42.0,40.96020833333332,82.96020833333333
132430_1767681000,132430,2026-01-06 06:30:00,0,32.0,85.2172916666667,53.217291666666696
122658_1767681000,122658,2026-01-06 06:30:00,0,181.0,91.61895833333335,89.38104166666665
133300_1767681000,133300,2026-01-06 06:30:00,0,12.0,79.29604166666667,67.29604166666667
134040_1767681000,134040,2026-01-06 06:30:00,0,-111.0,1.8979166666666674,112.89791666666667
134040_1767681300,134040,2026-01-06 06:35:00,0,-75.0,75.21458333333335,150.21458333333334
132430_1767681300,132430,2026-01-06 06:35:00,0,126.0,106.25687499999997,19.743125000000035
133300_1767681300,133300,2026-01-06 06:35:00,0,-61.0,91.1172916666667,152.1172916666667
122658_1767681300,122658,2026-01-06 06:35:00,0,0.0,25.33520833333333,25.33520833333333
132430_1767681600,132430,2026-01-06 06:40:00,0,65.0,69.21729166666663,4.217291666666625
122658_1767681600,122658,2026-01-06 06:40:00,0,0.0,29.35979166666666,29.35979166666666
131672_1767681900,131672,2026-01-06 06:45:00,0,37.0,41.674791666666664,4.674791666666664
122658_1767681900,122658,2026-01-06 06:45:00,0,0.0,21.54166666666667,21.54166666666667
132430_1767681900,132430,2026-01-06 06:45:00,0,-62.0,-23.938333333333343,38.06166666666665
131672_1767682200,131672,2026-01-06 06:50:00,0,13.0,29.668000000000003,16.668000000000003
132430_1767682200,132430,2026-01-06 06:50:00,0,-16.0,55.33208333333335,71.33208333333334
122658_1767682200,122658,2026-01-06 06:50:00,0,0.0,22.15541666666667,22.15541666666667
131672_1767682500,131672,2026-01-06 06:55:00,0,16.0,66.12687500000001,50.12687500000001
122658_1767682500,122658,2026-01-06 06:55:00,0,0.0,8.253541666666669,8.253541666666669
122658_1767682800,122658,2026-01-06 07:00:00,0,0.0,4.36375,4.36375
131672_1767682800,131672,2026-01-06 07:00:00,0,-48.0,3.7016666666666684,51.70166666666667
131672_1767683100,131672,2026-01-06 07:05:00,0,-52.0,2.315416666666666,54.315416666666664
122658_1767683100,122658,2026-01-06 07:05:00,0,0.0,9.015624999999998,9.015624999999998
131672_1767683400,131672,2026-01-06 07:10:00,0,-178.0,-103.90124999999998,74.09875000000002
122658_1767683400,122658,2026-01-06 07:10:00,0,-11.0,53.91104166666666,64.91104166666666
122658_1767683700,122658,2026-01-06 07:15:00,0,96.0,127.33729166666667,31.337291666666673
131672_1767683700,131672,2026-01-06 07:15:00,0,-200.0,-86.97895833333331,113.02104166666669
122658_1767684000,122658,2026-01-06 07:20:00,0,58.0,84.19687499999996,26.196874999999963
131672_1767684000,131672,2026-01-06 07:20:00,0,-74.0,-28.09604166666669,45.90395833333331
122658_1767684300,122658,2026-01-06 07:25:00,0,118.0,119.67750000000005,1.6775000000000517
131672_1767684300,131672,2026-01-06 07:25:00,0,24.0,-24.257291666666664,48.25729166666666
131672_1767684600,131672,2026-01-06 07:30:00,0,-63.0,-26.22062499999999,36.77937500000001
122658_1767684600,122658,2026-01-06 07:30:00,0,97.0,167.01416666666674,70.01416666666674
122658_1767684900,122658,2026-01-06 07:35:00,0,97.0,83.37083333333332,13.629166666666677
122658_1767685200,122658,2026-01-06 07:40:00,0,0.0,15.48916666666666,15.48916666666666
122613_1767689700,122613,2026-01-06 08:55:00,0,49.0,45.355,3.645000000000003
122613_1767693600,122613,2026-01-06 10:00:00,0,-180.0,-76.38687499999999,103.61312500000001
122613_1767693900,122613,2026-01-06 10:05:00,0,-108.0,-53.28562499999999,54.71437500000001
122613_1767694200,122613,2026-01-06 10:10:00,0,-140.0,-55.548750000000034,84.45124999999996
122613_1767694500,122613,2026-01-06 10:15:00,0,-70.0,-23.9725,46.0275
122613_1767694800,122613,2026-01-06 10:20:00,0,-38.0,-28.45666666666664,9.543333333333361
122613_1767695100,122613,2026-01-06 10:25:00,0,30.0,2.434375,27.565625
122613_1767695400,122613,2026-01-06 10:30:00,0,123.0,68.13104166666669,54.86895833333331
122613_1767695700,122613,2026-01-06 10:35:00,0,61.0,75.76354166666667,14.763541666666669
122613_1767696900,122613,2026-01-06 10:55:00,0,0.0,-17.525833333333324,17.525833333333324
122613_1767699000,122613,2026-01-06 11:30:00,0,0.0,24.409017857142853,24.409017857142853
130072_1767730200,130072,2026-01-06 20:10:00,0,60.0,73.06416666666667,13.064166666666665
130072_1767730500,130072,2026-01-06 20:15:00,0,60.0,46.32833333333335,13.671666666666653
130072_1767730800,130072,2026-01-06 20:20:00,0,106.0,49.98729166666667,56.01270833333333
130072_1767731100,130072,2026-01-06 20:25:00,0,22.0,28.369791666666664,6.369791666666664
130072_1767731400,130072,2026-01-06 20:30:00,0,49.0,79.4935416666667,30.4935416666667
130072_1767731700,130072,2026-01-06 20:35:00,0,78.0,90.75729166666666,12.75729166666666
134494_1767738000,134494,2026-01-06 22:20:00,0,0.0,18.112708333333337,18.112708333333337
134494_1767738300,134494,2026-01-06 22:25:00,0,0.0,7.903749999999999,7.903749999999999
134494_1767738600,134494,2026-01-06 22:30:00,0,0.0,6.807916666666666,6.807916666666666
129964_1767676200,129964,2026-01-06 05:10:00,1,91.0,55.24666666666667,35.75333333333333
135081_1767676200,135081,2026-01-06 05:10:00,1,126.0,55.53937499999999,70.46062500000001
122048_1767676200,122048,2026-01-06 05:10:00,1,25.0,14.567916666666674,10.432083333333326
135081_1767676500,135081,2026-01-06 05:15:00,1,-30.0,27.626541666666668,57.62654166666667
122048_1767676500,122048,2026-01-06 05:15:00,1,-41.0,3.1617500000000005,44.16175
133957_1767676500,133957,2026-01-06 05:15:00,1,61.0,-10.903333333333332,71.90333333333334
122048_1767676800,122048,2026-01-06 05:20:00,1,-163.0,-26.20041666666667,136.79958333333332
133957_1767676800,133957,2026-01-06 05:20:00,1,7.0,27.03395833333332,20.03395833333332
122048_1767677100,122048,2026-01-06 05:25:00,1,-177.0,-68.81312500000004,108.18687499999996
133957_1767677100,133957,2026-01-06 05:25:00,1,-94.0,-12.82125,81.17875000000001
122048_1767677400,122048,2026-01-06 05:30:00,1,-65.0,-7.454218750000003,57.54578125
133957_1767677400,133957,2026-01-06 05:30:00,1,-91.0,-43.00249999999998,47.99750000000002
122048_1767677700,122048,2026-01-06 05:35:00,1,12.0,24.936614583333334,12.936614583333334
122048_1767678000,122048,2026-01-06 05:40:00,1,47.0,42.07848958333334,4.9215104166666634
122048_1767678300,122048,2026-01-06 05:45:00,1,124.0,42.495416666666664,81.50458333333333
122048_1767678600,122048,2026-01-06 05:50:00,1,172.0,68.64458333333334,103.35541666666666
122048_1767678900,122048,2026-01-06 05:55:00,1,140.0,81.86312500000004,58.13687499999996
133957_1767679500,133957,2026-01-06 06:05:00,1,49.0,36.332291666666656,12.667708333333344
133957_1767679800,133957,2026-01-06 06:10:00,1,71.0,72.460125,1.460125000000005
133957_1767680100,133957,2026-01-06 06:15:00,1,111.0,80.75000000000001,30.249999999999986
133957_1767680400,133957,2026-01-06 06:20:00,1,18.0,31.406458333333333,13.406458333333333
129964_1767680400,129964,2026-01-06 06:20:00,1,-51.0,-46.80225378787878,4.197746212121217
133957_1767680700,133957,2026-01-06 06:25:00,1,39.0,42.55749999999999,3.5574999999999903
130238_1767680700,130238,2026-01-06 06:25:00,1,0.0,27.825833333333332,27.825833333333332
129964_1767680700,129964,2026-01-06 06:25:00,1,-106.0,-58.11996212121212,47.88003787878788
133957_1767681000,133957,2026-01-06 06:30:00,1,-30.0,-20.142916666666682,9.857083333333318
129964_1767681000,129964,2026-01-06 06:30:00,1,7.0,3.942708333333334,3.057291666666666
130238_1767681000,130238,2026-01-06 06:30:00,1,0.0,50.58125,50.58125
129964_1767681300,129964,2026-01-06 06:35:00,1,47.0,26.60875,20.39125
130238_1767681300,130238,2026-01-06 06:35:00,1,0.0,49.03479166666666,49.03479166666666
133957_1767681300,133957,2026-01-06 06:35:00,1,-59.0,-20.021666666666658,38.97833333333334
130238_1767681600,130238,2026-01-06 06:40:00,1,0.0,80.17729166666666,80.17729166666666
133300_1767681600,133300,2026-01-06 06:40:00,1,159.0,134.02604166666669,24.973958333333314
134040_1767681600,134040,2026-01-06 06:40:00,1,1.0,84.75541666666669,83.75541666666669
133957_1767681600,133957,2026-01-06 06:40:00,1,-30.0,13.55104166666667,43.55104166666667
129964_1767681600,129964,2026-01-06 06:40:00,1,39.0,38.15182017543859,0.8481798245614129
133300_1767681900,133300,2026-01-06 06:45:00,1,79.0,78.13041666666668,0.869583333333324
130238_1767681900,130238,2026-01-06 06:45:00,1,0.0,46.05812499999998,46.05812499999998
134040_1767681900,134040,2026-01-06 06:45:00,1,-38.0,72.53104166666668,110.53104166666668
129964_1767681900,129964,2026-01-06 06:45:00,1,148.0,96.3110416666667,51.688958333333304
133957_1767681900,133957,2026-01-06 06:45:00,1,-58.0,-10.441979166666664,47.55802083333334
133957_1767682200,133957,2026-01-06 06:50:00,1,-19.0,-12.250000000000002,6.749999999999998
133300_1767682200,133300,2026-01-06 06:50:00,1,79.0,67.94104166666672,11.05895833333328
134040_1767682200,134040,2026-01-06 06:50:00,1,-71.0,60.60729166666669,131.6072916666667
129964_1767682200,129964,2026-01-06 06:50:00,1,188.0,69.05875000000002,118.94124999999998
129964_1767682500,129964,2026-01-06 06:55:00,1,84.0,57.14104166666668,26.85895833333332
132430_1767682500,132430,2026-01-06 06:55:00,1,248.0,165.03562499999992,82.96437500000008
133300_1767682500,133300,2026-01-06 06:55:00,1,173.0,110.815,62.185
133957_1767682500,133957,2026-01-06 06:55:00,1,-45.0,-18.874791666666667,26.125208333333333
134040_1767682500,134040,2026-01-06 06:55:00,1,46.0,55.347500000000025,9.347500000000025
133957_1767682800,133957,2026-01-06 07:00:00,1,-74.0,-38.63479166666665,35.36520833333335
132430_1767682800,132430,2026-01-06 07:00:00,1,267.0,196.67895833333344,70.32104166666656
133300_1767682800,133300,2026-01-06 07:00:00,1,135.0,92.30625000000003,42.693749999999966
129964_1767682800,129964,2026-01-06 07:00:00,1,70.0,44.14479166666668,25.855208333333323
133957_1767683100,133957,2026-01-06 07:05:00,1,-8.0,20.39583333333333,28.39583333333333
133300_1767683100,133300,2026-01-06 07:05:00,1,169.0,126.74479166666669,42.255208333333314
132430_1767683100,132430,2026-01-06 07:05:00,1,408.0,275.70479166666655,132.29520833333345
129964_1767683100,129964,2026-01-06 07:05:00,1,154.0,101.55833333333331,52.44166666666669
129964_1767683400,129964,2026-01-06 07:10:00,1,81.0,43.084375,37.915625
132430_1767683400,132430,2026-01-06 07:10:00,1,270.0,191.81375000000003,78.18624999999997
133300_1767683400,133300,2026-01-06 07:10:00,1,166.0,178.72729166666667,12.727291666666673
129964_1767683700,129964,2026-01-06 07:15:00,1,145.0,55.54967803030305,89.45032196969694
133300_1767683700,133300,2026-01-06 07:15:00,1,240.0,232.4402083333334,7.559791666666598
133957_1767683700,133957,2026-01-06 07:15:00,1,10.0,54.576250000000016,44.576250000000016
132430_1767683700,132430,2026-01-06 07:15:00,1,163.0,137.41937500000003,25.58062499999997
133957_1767684000,133957,2026-01-06 07:20:00,1,33.0,36.289041666666655,3.2890416666666553
133300_1767684000,133300,2026-01-06 07:20:00,1,116.0,98.79833333333335,17.201666666666654
129964_1767684000,129964,2026-01-06 07:20:00,1,134.0,69.24749999999999,64.75250000000001
132430_1767684000,132430,2026-01-06 07:20:00,1,246.0,165.8160416666667,80.1839583333333
133300_1767684300,133300,2026-01-06 07:25:00,1,116.0,96.12874999999997,19.871250000000032
132430_1767684300,132430,2026-01-06 07:25:00,1,230.0,161.68854166666662,68.31145833333338
130238_1767684300,130238,2026-01-06 07:25:00,1,16.0,27.751666666666665,11.751666666666665
133957_1767684300,133957,2026-01-06 07:25:00,1,71.0,77.3420833333333,6.342083333333306
129964_1767684600,129964,2026-01-06 07:30:00,1,-29.0,-3.2791666666666663,25.720833333333335
135081_1767684600,135081,2026-01-06 07:30:00,1,-78.0,-47.85791666666668,30.142083333333318
132430_1767684600,132430,2026-01-06 07:30:00,1,215.0,184.17312500000003,30.826874999999973
122048_1767684600,122048,2026-01-06 07:30:00,1,350.0,229.21375,120.78625
133300_1767684600,133300,2026-01-06 07:30:00,1,214.0,141.02703125,72.97296875
131672_1767684900,131672,2026-01-06 07:35:00,1,-96.0,-0.6852083333333338,95.31479166666666
135081_1767684900,135081,2026-01-06 07:35:00,1,-28.0,-36.3235037878788,8.3235037878788
122048_1767684900,122048,2026-01-06 07:35:00,1,304.0,232.47249999999997,71.52750000000003
129964_1767684900,129964,2026-01-06 07:35:00,1,-70.0,-34.29291666666667,35.70708333333333
132430_1767684900,132430,2026-01-06 07:35:00,1,183.0,150.2197916666667,32.78020833333329
133300_1767684900,133300,2026-01-06 07:35:00,1,244.0,103.45062500000002,140.549375
135081_1767685200,135081,2026-01-06 07:40:00,1,59.0,2.7685416666666662,56.231458333333336
122048_1767685200,122048,2026-01-06 07:40:00,1,183.0,170.02687500000005,12.973124999999953
133300_1767685200,133300,2026-01-06 07:40:00,1,255.0,137.66479166666676,117.33520833333324
131672_1767685200,131672,2026-01-06 07:40:00,1,-126.0,-71.59479166666661,54.40520833333339
129964_1767685200,129964,2026-01-06 07:40:00,1,-34.0,28.445625000000003,62.44562500000001
122048_1767685500,122048,2026-01-06 07:45:00,1,141.0,128.165,12.835000000000008
129964_1767685500,129964,2026-01-06 07:45:00,1,-4.0,47.106875,51.106875
132430_1767685500,132430,2026-01-06 07:45:00,1,167.0,138.22624999999996,28.773750000000035
135081_1767685500,135081,2026-01-06 07:45:00,1,275.0,128.56312499999999,146.43687500000001
122658_1767685500,122658,2026-01-06 07:45:00,1,0.0,18.142812499999987,18.142812499999987
133300_1767685500,133300,2026-01-06 07:45:00,1,286.0,188.93,97.07
135081_1767685800,135081,2026-01-06 07:50:00,1,288.0,112.76937500000004,175.23062499999997
133300_1767685800,133300,2026-01-06 07:50:00,1,404.0,223.2095833333333,180.7904166666667
132430_1767685800,132430,2026-01-06 07:50:00,1,64.0,25.42419642857143,38.575803571428565
129964_1767685800,129964,2026-01-06 07:50:00,1,17.0,57.257028508771974,40.257028508771974
122048_1767685800,122048,2026-01-06 07:50:00,1,45.0,79.819375,34.819374999999994
122658_1767685800,122658,2026-01-06 07:50:00,1,0.0,4.655208333333328,4.655208333333328
135081_1767686100,135081,2026-01-06 07:55:00,1,247.0,126.70145833333332,120.29854166666668
132430_1767686100,132430,2026-01-06 07:55:00,1,53.0,27.99125,25.00875
122048_1767686100,122048,2026-01-06 07:55:00,1,-35.0,31.798124999999985,66.79812499999998
122658_1767686100,122658,2026-01-06 07:55:00,1,0.0,2.545833333333334,2.545833333333334
129964_1767686100,129964,2026-01-06 07:55:00,1,162.0,104.39541666666662,57.60458333333338
132430_1767686400,132430,2026-01-06 08:00:00,1,30.0,69.68020833333334,39.68020833333334
130238_1767686400,130238,2026-01-06 08:00:00,1,107.0,74.41166666666669,32.58833333333331
129964_1767686400,129964,2026-01-06 08:00:00,1,97.0,102.76739583333328,5.767395833333282
122048_1767686400,122048,2026-01-06 08:00:00,1,-43.0,57.42687499999999,100.426875
130238_1767686700,130238,2026-01-06 08:05:00,1,1.0,47.46437500000002,46.46437500000002
122048_1767686700,122048,2026-01-06 08:05:00,1,-49.0,6.256666666666666,55.25666666666667
132430_1767686700,132430,2026-01-06 08:05:00,1,53.0,115.176875,62.176874999999995
129964_1767686700,129964,2026-01-06 08:05:00,1,64.0,70.16125,6.1612499999999955
122048_1767687000,122048,2026-01-06 08:10:00,1,104.0,32.34208333333333,71.65791666666667
132430_1767687000,132430,2026-01-06 08:10:00,1,42.0,87.4275,45.427499999999995
129964_1767687000,129964,2026-01-06 08:10:00,1,42.0,56.15479166666668,14.154791666666682
132430_1767687300,132430,2026-01-06 08:15:00,1,-108.0,-7.378541666666666,100.62145833333334
122048_1767687300,122048,2026-01-06 08:15:00,1,99.0,0.28729166666666645,98.71270833333334
129964_1767687300,129964,2026-01-06 08:15:00,1,108.0,72.46916666666668,35.53083333333332
132430_1767687600,132430,2026-01-06 08:20:00,1,-132.0,-24.03750000000001,107.96249999999999
122048_1767687600,122048,2026-01-06 08:20:00,1,49.0,-3.223333333333331,52.22333333333333
129964_1767687600,129964,2026-01-06 08:20:00,1,8.0,25.26083333333333,17.26083333333333
132430_1767687900,132430,2026-01-06 08:25:00,1,-101.0,41.22885416666667,142.22885416666668
122048_1767687900,122048,2026-01-06 08:25:00,1,80.0,75.38479166666667,4.615208333333328
122658_1767688200,122658,2026-01-06 08:30:00,1,137.0,185.39666666666668,48.396666666666675
131672_1767688200,131672,2026-01-06 08:30:00,1,16.0,10.021904761904763,5.9780952380952375
130238_1767688200,130238,2026-01-06 08:30:00,1,27.0,39.44479166666666,12.44479166666666
132430_1767688200,132430,2026-01-06 08:30:00,1,194.0,201.01729166666667,7.017291666666665
122048_1767688200,122048,2026-01-06 08:30:00,1,68.0,44.01291666666666,23.987083333333338
134040_1767688200,134040,2026-01-06 08:30:00,1,154.0,124.37208333333332,29.62791666666668
122048_1767688500,122048,2026-01-06 08:35:00,1,49.0,62.18979166666668,13.189791666666679
122658_1767688500,122658,2026-01-06 08:35:00,1,-33.0,136.0489583333333,169.0489583333333
134040_1767688500,134040,2026-01-06 08:35:00,1,141.0,137.64229166666664,3.3577083333333633
131672_1767688500,131672,2026-01-06 08:35:00,1,20.0,30.624375000000004,10.624375000000004
130238_1767688500,130238,2026-01-06 08:35:00,1,-8.0,22.992708333333336,30.992708333333336
132430_1767688500,132430,2026-01-06 08:35:00,1,268.0,236.59625000000003,31.403749999999974
122048_1767688800,122048,2026-01-06 08:40:00,1,76.0,66.37583333333333,9.624166666666667
134040_1767688800,134040,2026-01-06 08:40:00,1,128.0,94.40124999999996,33.59875000000004
132430_1767688800,132430,2026-01-06 08:40:00,1,284.0,204.22604166666676,79.77395833333324
131672_1767688800,131672,2026-01-06 08:40:00,1,-17.0,-8.240833333333331,8.759166666666669
122658_1767688800,122658,2026-01-06 08:40:00,1,-34.0,95.000625,129.000625
130238_1767688800,130238,2026-01-06 08:40:00,1,-92.0,-11.383541666666666,80.61645833333333
131672_1767689100,131672,2026-01-06 08:45:00,1,17.0,48.05875000000001,31.05875000000001
122658_1767689100,122658,2026-01-06 08:45:00,1,-34.0,27.44416666666667,61.444166666666675
134040_1767689100,134040,2026-01-06 08:45:00,1,26.0,76.28395833333325,50.283958333333246
122048_1767689100,122048,2026-01-06 08:45:00,1,94.0,67.99875000000002,26.001249999999985
132430_1767689100,132430,2026-01-06 08:45:00,1,163.0,100.4920833333333,62.5079166666667
130238_1767689100,130238,2026-01-06 08:45:00,1,-120.0,41.50020833333333,161.50020833333332
122658_1767689400,122658,2026-01-06 08:50:00,1,-34.0,-50.37437499999999,16.374374999999993
131672_1767689400,131672,2026-01-06 08:50:00,1,-72.0,-3.152083333333333,68.84791666666666
130238_1767689400,130238,2026-01-06 08:50:00,1,37.0,55.08687499999999,18.086874999999992
134040_1767689400,134040,2026-01-06 08:50:00,1,94.0,88.79604166666667,5.203958333333333
132430_1767689400,132430,2026-01-06 08:50:00,1,85.0,84.41416666666666,0.5858333333333405
122048_1767689400,122048,2026-01-06 08:50:00,1,121.0,67.90375000000002,53.09624999999998
130238_1767689700,130238,2026-01-06 08:55:00,1,57.0,27.568125000000006,29.431874999999994
122658_1767689700,122658,2026-01-06 08:55:00,1,-34.0,-5.349791666666667,28.65020833333333
122048_1767689700,122048,2026-01-06 08:55:00,1,116.0,53.42991666666666,62.57008333333334
132430_1767689700,132430,2026-01-06 08:55:00,1,7.0,74.21041666666663,67.21041666666663
134040_1767689700,134040,2026-01-06 08:55:00,1,46.0,79.16241379310344,33.16241379310344
131672_1767689700,131672,2026-01-06 08:55:00,1,-222.0,-60.726875,161.273125
122048_1767690000,122048,2026-01-06 09:00:00,1,73.0,-15.285416666666663,88.28541666666666
134040_1767690000,134040,2026-01-06 09:00:00,1,159.0,76.168125,82.831875
122658_1767690000,122658,2026-01-06 09:00:00,1,-34.0,-4.992916666666666,29.007083333333334
131672_1767690000,131672,2026-01-06 09:00:00,1,-208.0,-55.50416666666665,152.49583333333334
130238_1767690000,130238,2026-01-06 09:00:00,1,40.0,74.67416666666662,34.67416666666662
133957_1767690000,133957,2026-01-06 09:00:00,1,-116.0,-52.63645833333333,63.36354166666667
130238_1767690300,130238,2026-01-06 09:05:00,1,49.0,68.49041666666668,19.490416666666675
122658_1767690300,122658,2026-01-06 09:05:00,1,-34.0,-15.681041666666669,18.31895833333333
134040_1767690300,134040,2026-01-06 09:05:00,1,-28.0,46.71312500000001,74.71312500000002
131672_1767690300,131672,2026-01-06 09:05:00,1,-157.0,-69.31458333333335,87.68541666666665
133957_1767690300,133957,2026-01-06 09:05:00,1,-68.0,-25.720833333333324,42.279166666666676
131672_1767690600,131672,2026-01-06 09:10:00,1,-39.0,-16.998125,22.001875
122658_1767690600,122658,2026-01-06 09:10:00,1,-34.0,-27.44572916666667,6.55427083333333
133957_1767690600,133957,2026-01-06 09:10:00,1,-88.0,-60.87979166666667,27.12020833333333
122658_1767690900,122658,2026-01-06 09:15:00,1,-34.0,23.77125,57.771249999999995
133957_1767690900,133957,2026-01-06 09:15:00,1,-111.0,-24.642708333333335,86.35729166666667
131672_1767690900,131672,2026-01-06 09:15:00,1,-68.0,-28.700625,39.299375
131672_1767691200,131672,2026-01-06 09:20:00,1,-65.0,-45.01395833333334,19.986041666666658
133957_1767691200,133957,2026-01-06 09:20:00,1,9.0,27.730000000000004,18.730000000000004
131672_1767691500,131672,2026-01-06 09:25:00,1,-10.0,6.626458333333331,16.626458333333332
133957_1767691800,133957,2026-01-06 09:30:00,1,48.0,45.906875,2.0931250000000006
133957_1767692100,133957,2026-01-06 09:35:00,1,50.0,45.30833333333332,4.691666666666677
133957_1767692400,133957,2026-01-06 09:40:00,1,223.0,127.48249999999994,95.51750000000006
133957_1767692700,133957,2026-01-06 09:45:00,1,191.0,99.05416666666667,91.94583333333333
132430_1767693300,132430,2026-01-06 09:55:00,1,132.0,108.02406249999994,23.975937500000057
132430_1767693600,132430,2026-01-06 10:00:00,1,132.0,75.47684523809524,56.52315476190476
132430_1767693900,132430,2026-01-06 10:05:00,1,33.0,30.730333333333316,2.2696666666666836
132430_1767694200,132430,2026-01-06 10:10:00,1,90.0,12.251666666666665,77.74833333333333
132430_1767694500,132430,2026-01-06 10:15:00,1,144.0,86.26875000000004,57.73124999999996
132430_1767694800,132430,2026-01-06 10:20:00,1,233.0,137.82791666666668,95.17208333333332
132430_1767695100,132430,2026-01-06 10:25:00,1,116.0,66.39197916666667,49.60802083333333
135081_1767697800,135081,2026-01-06 11:10:00,1,77.0,78.85923611111112,1.859236111111116
135081_1767698100,135081,2026-01-06 11:15:00,1,95.0,84.43423611111109,10.56576388888891
131672_1767698100,131672,2026-01-06 11:15:00,1,27.0,18.05648809523809,8.943511904761909
135081_1767698400,135081,2026-01-06 11:20:00,1,135.0,124.86,10.14
135081_1767698700,135081,2026-01-06 11:25:00,1,126.0,78.86187499999998,47.13812500000002
135081_1767699000,135081,2026-01-06 11:30:00,1,28.0,9.137028508771934,18.862971491228066
122613_1767699300,122613,2026-01-06 11:35:00,1,0.0,-7.662708333333334,7.662708333333334
135081_1767699300,135081,2026-01-06 11:35:00,1,45.0,21.591250000000006,23.408749999999994
135081_1767699600,135081,2026-01-06 11:40:00,1,55.0,50.092916666666696,4.907083333333304
122613_1767699600,122613,2026-01-06 11:40:00,1,-145.0,-86.64687499999998,58.35312500000002
135081_1767699900,135081,2026-01-06 11:45:00,1,36.0,-40.61166666666666,76.61166666666665
122613_1767699900,122613,2026-01-06 11:45:00,1,-230.0,-105.51791666666672,124.48208333333328
135081_1767700200,135081,2026-01-06 11:50:00,1,-24.0,-53.154166666666654,29.154166666666654
122613_1767700200,122613,2026-01-06 11:50:00,1,-116.0,-84.33895833333332,31.661041666666677
122613_1767700500,122613,2026-01-06 11:55:00,1,-79.0,-82.38458333333334,3.384583333333339
135081_1767700500,135081,2026-01-06 11:55:00,1,-98.0,-59.98750000000002,38.01249999999998
122613_1767700800,122613,2026-01-06 12:00:00,1,-50.0,-78.26041666666663,28.26041666666663
122658_1767700800,122658,2026-01-06 12:00:00,1,143.0,231.61333333333332,88.61333333333332
122613_1767701100,122613,2026-01-06 12:05:00,1,-155.0,-73.01749999999997,81.98250000000003
122613_1767701400,122613,2026-01-06 12:10:00,1,-175.0,-96.43895833333329,78.56104166666671
122613_1767701700,122613,2026-01-06 12:15:00,1,-47.0,-25.8533333333333,21.1466666666667
122613_1767702000,122613,2026-01-06 12:20:00,1,-61.0,-24.33812499999999,36.66187500000001
122613_1767702300,122613,2026-01-06 12:25:00,1,66.0,9.200416666666667,56.79958333333333
135081_1767702600,135081,2026-01-06 12:30:00,1,-131.0,-69.40166666666669,61.598333333333315
135081_1767702900,135081,2026-01-06 12:35:00,1,-144.0,-80.0775,63.9225
134040_1767703200,134040,2026-01-06 12:40:00,1,-35.0,-11.56979166666666,23.43020833333334
134040_1767703500,134040,2026-01-06 12:45:00,1,-35.0,0.08249999999999968,35.0825
134040_1767703800,134040,2026-01-06 12:50:00,1,52.0,58.6963721264368,6.696372126436799
134040_1767704100,134040,2026-01-06 12:55:00,1,87.0,115.05666666666667,28.056666666666672
134040_1767704400,134040,2026-01-06 13:00:00,1,91.0,120.550625,29.550624999999997
130072_1767732000,130072,2026-01-06 20:40:00,1,158.0,129.90500000000003,28.09499999999997
130072_1767732300,130072,2026-01-06 20:45:00,1,161.0,142.70458333333335,18.295416666666654
130072_1767732600,130072,2026-01-06 20:50:00,1,226.0,141.34854166666668,84.65145833333332
130072_1767732900,130072,2026-01-06 20:55:00,1,187.0,157.19687499999998,29.803125000000023
130072_1767733200,130072,2026-01-06 21:00:00,1,125.0,111.49874999999999,13.501250000000013
130072_1767733500,130072,2026-01-06 21:05:00,1,125.0,92.80562500000002,32.19437499999998
134494_1767738900,134494,2026-01-06 22:35:00,1,0.0,2.523459353146853,2.523459353146853
134494_1767739200,134494,2026-01-06 22:40:00,1,0.0,1.4150378787878786,1.4150378787878786
134494_1767739500,134494,2026-01-06 22:45:00,1,0.0,1.5073958333333335,1.5073958333333335
133300_1767686400,133300,2026-01-06 08:00:00,2,-26.0,9.941666666666661,35.94166666666666
129964_1767687900,129964,2026-01-06 08:25:00,2,95.0,47.31541666666665,47.68458333333335
133300_1767689400,133300,2026-01-06 08:50:00,2,9.0,38.09979166666666,29.09979166666666
133300_1767689700,133300,2026-01-06 08:55:00,2,9.0,11.969583333333333,2.9695833333333326
129964_1767690000,129964,2026-01-06 09:00:00,2,65.0,46.2153125,18.784687499999997
133300_1767690000,133300,2026-01-06 09:00:00,2,68.0,75.37583333333332,7.375833333333318
122048_1767690300,122048,2026-01-06 09:05:00,2,-33.0,-4.5910416666666665,28.408958333333334
129964_1767690300,129964,2026-01-06 09:05:00,2,66.0,68.61833333333335,2.6183333333333536
133300_1767690300,133300,2026-01-06 09:05:00,2,69.0,68.856875,0.14312499999999773
130238_1767690600,130238,2026-01-06 09:10:00,2,57.0,101.681875,44.681875000000005
133300_1767690600,133300,2026-01-06 09:10:00,2,59.0,66.52666666666671,7.5266666666667135
129964_1767690600,129964,2026-01-06 09:10:00,2,79.0,51.577500000000015,27.422499999999985
133300_1767690900,133300,2026-01-06 09:15:00,2,62.0,79.40895833333333,17.40895833333333
129964_1767690900,129964,2026-01-06 09:15:00,2,58.0,7.992083333333332,50.00791666666667
129964_1767691200,129964,2026-01-06 09:20:00,2,64.0,30.506666666666682,33.49333333333332
130238_1767691200,130238,2026-01-06 09:20:00,2,0.0,18.187083333333334,18.187083333333334
133300_1767691200,133300,2026-01-06 09:20:00,2,135.0,225.1470833333332,90.1470833333332
129964_1767691500,129964,2026-01-06 09:25:00,2,94.0,48.664375,45.335625
130238_1767691500,130238,2026-01-06 09:25:00,2,0.0,10.183541666666665,10.183541666666665
129964_1767691800,129964,2026-01-06 09:30:00,2,42.0,37.22069444444443,4.779305555555567
122048_1767691800,122048,2026-01-06 09:30:00,2,233.0,83.73166666666665,149.26833333333335
130238_1767691800,130238,2026-01-06 09:30:00,2,0.0,8.032916666666667,8.032916666666667
130238_1767692100,130238,2026-01-06 09:35:00,2,0.0,17.607083333333335,17.607083333333335
129964_1767692100,129964,2026-01-06 09:35:00,2,16.0,34.093333333333334,18.093333333333334
122048_1767692100,122048,2026-01-06 09:35:00,2,200.0,83.73875,116.26125
129964_1767692400,129964,2026-01-06 09:40:00,2,106.0,43.86479166666667,62.13520833333333
130238_1767692400,130238,2026-01-06 09:40:00,2,0.0,23.36854166666667,23.36854166666667
122048_1767692400,122048,2026-01-06 09:40:00,2,91.0,37.93875000000001,53.06124999999999
130238_1767692700,130238,2026-01-06 09:45:00,2,0.0,-3.6156249999999996,3.6156249999999996
122048_1767692700,122048,2026-01-06 09:45:00,2,-63.0,-33.20520833333333,29.79479166666667
130238_1767693000,130238,2026-01-06 09:50:00,2,0.0,14.264185606060607,14.264185606060607
122048_1767693000,122048,2026-01-06 09:50:00,2,-67.0,-37.044375,29.955624999999998
133957_1767693000,133957,2026-01-06 09:50:00,2,80.0,65.61739583333333,14.382604166666667
130238_1767693300,130238,2026-01-06 09:55:00,2,0.0,-5.5991893939394,5.5991893939394
133957_1767693300,133957,2026-01-06 09:55:00,2,23.0,52.33958333333333,29.33958333333333
122048_1767693300,122048,2026-01-06 09:55:00,2,-115.0,-51.892083333333346,63.107916666666654
122048_1767693600,122048,2026-01-06 10:00:00,2,-142.0,-15.272916666666669,126.72708333333333
133300_1767693600,133300,2026-01-06 10:00:00,2,168.0,153.91520833333345,14.084791666666547
133957_1767693600,133957,2026-01-06 10:00:00,2,-24.0,33.30333333333333,57.30333333333333
122048_1767693900,122048,2026-01-06 10:05:00,2,-110.0,-66.5941666666667,43.405833333333305
133957_1767693900,133957,2026-01-06 10:05:00,2,13.0,28.672500000000003,15.672500000000003
133300_1767694200,133300,2026-01-06 10:10:00,2,-63.0,-14.832708333333336,48.167291666666664
122048_1767694200,122048,2026-01-06 10:10:00,2,-50.0,-36.88124999999998,13.11875000000002
133957_1767694200,133957,2026-01-06 10:10:00,2,21.0,-11.171041666666673,32.171041666666675
133957_1767694500,133957,2026-01-06 10:15:00,2,-22.0,-31.54395833333332,9.543958333333322
122048_1767694500,122048,2026-01-06 10:15:00,2,-184.0,-54.66333333333333,129.33666666666667
133300_1767694500,133300,2026-01-06 10:15:00,2,-63.0,-23.057083333333335,39.94291666666666
133957_1767694800,133957,2026-01-06 10:20:00,2,24.0,-22.35881944444445,46.35881944444445
122048_1767694800,122048,2026-01-06 10:20:00,2,-250.0,-113.58437499999998,136.41562500000003
133300_1767694800,133300,2026-01-06 10:20:00,2,54.0,46.965,7.034999999999997
122048_1767695100,122048,2026-01-06 10:25:00,2,-359.0,-90.37270833333338,268.6272916666666
133300_1767695100,133300,2026-01-06 10:25:00,2,90.0,34.27,55.73
133957_1767695100,133957,2026-01-06 10:25:00,2,-17.0,-21.58920833333332,4.589208333333321
132430_1767695400,132430,2026-01-06 10:30:00,2,26.0,29.513333333333325,3.5133333333333248
129964_1767695400,129964,2026-01-06 10:30:00,2,-51.0,-51.28791666666666,0.2879166666666606
130238_1767695400,130238,2026-01-06 10:30:00,2,-12.0,-8.225624999999999,3.774375000000001
133957_1767695400,133957,2026-01-06 10:30:00,2,28.0,21.610208333333336,6.389791666666664
129964_1767695700,129964,2026-01-06 10:35:00,2,-51.0,-44.28736111111109,6.712638888888911
132430_1767695700,132430,2026-01-06 10:35:00,2,30.0,67.69874999999998,37.698749999999976
130238_1767695700,130238,2026-01-06 10:35:00,2,2.0,-20.034625000000002,22.034625000000002
129964_1767696000,129964,2026-01-06 10:40:00,2,-11.0,-46.208194444444445,35.208194444444445
133957_1767696000,133957,2026-01-06 10:40:00,2,138.0,74.66083333333334,63.33916666666666
132430_1767696000,132430,2026-01-06 10:40:00,2,-71.0,154.45604166666664,225.45604166666664
130238_1767696000,130238,2026-01-06 10:40:00,2,-34.0,22.72916666666668,56.72916666666668
132430_1767696300,132430,2026-01-06 10:45:00,2,221.0,177.41166666666678,43.588333333333225
129964_1767696300,129964,2026-01-06 10:45:00,2,73.0,14.131666666666666,58.86833333333333
133957_1767696300,133957,2026-01-06 10:45:00,2,156.0,61.75520833333333,94.24479166666667
130238_1767696300,130238,2026-01-06 10:45:00,2,10.0,53.59979166666666,43.59979166666666
132430_1767696600,132430,2026-01-06 10:50:00,2,264.0,199.59041666666675,64.40958333333325
129964_1767696600,129964,2026-01-06 10:50:00,2,111.0,60.22041666666667,50.77958333333333
133957_1767696600,133957,2026-01-06 10:50:00,2,185.0,111.59001225490198,73.40998774509802
130238_1767696600,130238,2026-01-06 10:50:00,2,46.0,18.44041666666667,27.55958333333333
129964_1767696900,129964,2026-01-06 10:55:00,2,140.0,102.27437500000002,37.72562499999998
133957_1767696900,133957,2026-01-06 10:55:00,2,111.0,121.87791666666664,10.877916666666636
132430_1767696900,132430,2026-01-06 10:55:00,2,113.0,126.66812500000003,13.668125000000032
130238_1767696900,130238,2026-01-06 10:55:00,2,29.0,26.665208333333336,2.334791666666664
132430_1767697200,132430,2026-01-06 11:00:00,2,17.0,86.21541666666668,69.21541666666668
133300_1767697200,133300,2026-01-06 11:00:00,2,49.0,50.46104166666665,1.4610416666666524
133957_1767697200,133957,2026-01-06 11:00:00,2,64.0,113.41791666666668,49.417916666666684
129964_1767697200,129964,2026-01-06 11:00:00,2,133.0,29.418541666666673,103.58145833333333
129964_1767697500,129964,2026-01-06 11:05:00,2,75.0,25.031875,49.968125
133957_1767697500,133957,2026-01-06 11:05:00,2,3.0,38.15020833333334,35.15020833333334
132430_1767697500,132430,2026-01-06 11:05:00,2,86.0,72.85479166666666,13.145208333333343
133300_1767697500,133300,2026-01-06 11:05:00,2,77.0,35.927916666666654,41.072083333333346
133957_1767697800,133957,2026-01-06 11:10:00,2,18.0,34.30130482456141,16.301304824561413
132430_1767697800,132430,2026-01-06 11:10:00,2,70.0,53.67062499999998,16.32937500000002
129964_1767697800,129964,2026-01-06 11:10:00,2,26.0,24.337208333333333,1.6627916666666671
132430_1767698100,132430,2026-01-06 11:15:00,2,49.0,58.533333333333324,9.533333333333324
133957_1767698100,133957,2026-01-06 11:15:00,2,-47.0,6.812916666666664,53.812916666666666
129964_1767698100,129964,2026-01-06 11:15:00,2,10.0,21.865833333333345,11.865833333333345
129964_1767698400,129964,2026-01-06 11:20:00,2,14.0,26.497083333333325,12.497083333333325
132430_1767698400,132430,2026-01-06 11:20:00,2,49.0,48.49708333333335,0.5029166666666498
131672_1767698400,131672,2026-01-06 11:20:00,2,60.0,65.27604166666664,5.276041666666643
133957_1767698400,133957,2026-01-06 11:20:00,2,-69.0,46.43666666666666,115.43666666666667
131672_1767698700,131672,2026-01-06 11:25:00,2,82.0,76.85562499999999,5.144375000000011
129964_1767698700,129964,2026-01-06 11:25:00,2,0.0,-5.121124999999998,5.121124999999998
133957_1767698700,133957,2026-01-06 11:25:00,2,-145.0,-41.62,103.38
133957_1767699000,133957,2026-01-06 11:30:00,2,-96.0,-79.7525,16.247500000000002
129964_1767699000,129964,2026-01-06 11:30:00,2,80.0,-3.9222916666666663,83.92229166666667
132430_1767699000,132430,2026-01-06 11:30:00,2,14.0,34.66625,20.666249999999998
131672_1767699000,131672,2026-01-06 11:30:00,2,4.0,24.94791666666667,20.94791666666667
132430_1767699300,132430,2026-01-06 11:35:00,2,14.0,21.861678921568632,7.8616789215686325
129964_1767699300,129964,2026-01-06 11:35:00,2,49.0,27.589791666666674,21.410208333333326
133957_1767699300,133957,2026-01-06 11:35:00,2,-249.0,-52.69291666666667,196.30708333333334
131672_1767699300,131672,2026-01-06 11:35:00,2,40.0,32.770624999999995,7.2293750000000045
131672_1767699600,131672,2026-01-06 11:40:00,2,-28.0,-47.42770833333334,19.427708333333342
133957_1767699600,133957,2026-01-06 11:40:00,2,-254.0,-102.10354166666677,151.89645833333321
132430_1767699600,132430,2026-01-06 11:40:00,2,-87.0,-16.975208333333338,70.02479166666666
129964_1767699900,129964,2026-01-06 11:45:00,2,-53.0,-51.196874999999984,1.8031250000000156
132430_1767699900,132430,2026-01-06 11:45:00,2,-110.0,-8.618333333333334,101.38166666666666
131672_1767699900,131672,2026-01-06 11:45:00,2,-29.0,-58.20270833333335,29.202708333333348
133957_1767699900,133957,2026-01-06 11:45:00,2,-158.0,11.932916666666664,169.93291666666667
131672_1767700200,131672,2026-01-06 11:50:00,2,-23.0,-45.61812500000002,22.61812500000002
133957_1767700200,133957,2026-01-06 11:50:00,2,80.0,42.31895833333334,37.68104166666666
132430_1767700200,132430,2026-01-06 11:50:00,2,-136.0,-31.759791666666665,104.24020833333333
132430_1767700500,132430,2026-01-06 11:55:00,2,-6.0,-65.04833333333332,59.04833333333332
133957_1767700500,133957,2026-01-06 11:55:00,2,42.0,35.396874999999994,6.603125000000006
131672_1767700500,131672,2026-01-06 11:55:00,2,-47.0,-8.319791666666669,38.68020833333333
122048_1767700800,122048,2026-01-06 12:00:00,2,374.0,298.6672916666667,75.3327083333333
131672_1767700800,131672,2026-01-06 12:00:00,2,-105.0,-38.13625000000001,66.86374999999998
122048_1767701100,122048,2026-01-06 12:05:00,2,312.0,257.473125,54.52687500000002
122658_1767701100,122658,2026-01-06 12:05:00,2,121.0,222.25729166666662,101.25729166666662
131672_1767701100,131672,2026-01-06 12:05:00,2,-83.0,-36.708147727272724,46.291852272727276
122048_1767701400,122048,2026-01-06 12:10:00,2,354.0,238.119375,115.88062500000001
131672_1767701400,131672,2026-01-06 12:10:00,2,-207.0,-65.67041666666668,141.32958333333332
122658_1767701700,122658,2026-01-06 12:15:00,2,0.0,26.139374999999994,26.139374999999994
122048_1767701700,122048,2026-01-06 12:15:00,2,273.0,103.65458333333338,169.3454166666666
122658_1767702000,122658,2026-01-06 12:20:00,2,0.0,25.032500000000006,25.032500000000006
122048_1767702000,122048,2026-01-06 12:20:00,2,252.0,156.47958333333335,95.52041666666665
122658_1767702300,122658,2026-01-06 12:25:00,2,0.0,12.049583333333334,12.049583333333334
122048_1767702300,122048,2026-01-06 12:25:00,2,158.0,158.88083333333327,0.8808333333332712
133957_1767702600,133957,2026-01-06 12:30:00,2,172.0,102.78875000000002,69.21124999999998
132430_1767702600,132430,2026-01-06 12:30:00,2,-64.0,67.86062499999998,131.86062499999997
122658_1767702600,122658,2026-01-06 12:30:00,2,0.0,17.398125000000004,17.398125000000004
122048_1767702600,122048,2026-01-06 12:30:00,2,144.0,135.27875000000003,8.72124999999997
122658_1767702900,122658,2026-01-06 12:35:00,2,0.0,5.197083333333335,5.197083333333335
122048_1767702900,122048,2026-01-06 12:35:00,2,138.0,126.66062500000005,11.339374999999947
133957_1767702900,133957,2026-01-06 12:35:00,2,97.0,62.22562500000003,34.77437499999997
132430_1767702900,132430,2026-01-06 12:35:00,2,-181.0,-37.005416666666676,143.9945833333333
122658_1767703200,122658,2026-01-06 12:40:00,2,0.0,-1.1989583333333333,1.1989583333333333
131672_1767703200,131672,2026-01-06 12:40:00,2,17.0,22.51541666666667,5.51541666666667
132430_1767703200,132430,2026-01-06 12:40:00,2,-100.0,-39.464375,60.535625
122048_1767703200,122048,2026-01-06 12:40:00,2,87.0,74.23833333333334,12.761666666666656
133957_1767703200,133957,2026-01-06 12:40:00,2,101.0,124.80875000000003,23.808750000000032
135081_1767703200,135081,2026-01-06 12:40:00,2,-171.0,-66.73020833333335,104.26979166666665
133957_1767703500,133957,2026-01-06 12:45:00,2,161.0,113.28541666666662,47.71458333333338
132430_1767703500,132430,2026-01-06 12:45:00,2,-75.0,-17.316458333333333,57.68354166666667
122658_1767703500,122658,2026-01-06 12:45:00,2,0.0,-0.9245833333333331,0.9245833333333331
131672_1767703500,131672,2026-01-06 12:45:00,2,76.0,82.8827083333336,6.882708333333596
122048_1767703500,122048,2026-01-06 12:45:00,2,84.0,50.73333333333333,33.26666666666667
135081_1767703500,135081,2026-01-06 12:45:00,2,-72.0,-3.584166666666667,68.41583333333334
132430_1767703800,132430,2026-01-06 12:50:00,2,-58.0,-25.654791666666657,32.345208333333346
122658_1767703800,122658,2026-01-06 12:50:00,2,103.0,31.38875000000005,71.61124999999996
135081_1767703800,135081,2026-01-06 12:50:00,2,-16.0,19.7475,35.7475
131672_1767703800,131672,2026-01-06 12:50:00,2,53.0,84.83312499999997,31.833124999999967
122048_1767703800,122048,2026-01-06 12:50:00,2,84.0,36.599374999999995,47.400625000000005
131672_1767704100,131672,2026-01-06 12:55:00,2,192.0,73.5818749999999,118.4181250000001
132430_1767704100,132430,2026-01-06 12:55:00,2,-74.0,19.70041666666667,93.70041666666667
135081_1767704100,135081,2026-01-06 12:55:00,2,-27.0,37.80958333333332,64.80958333333332
122658_1767704100,122658,2026-01-06 12:55:00,2,252.0,141.78645833333334,110.21354166666666
122048_1767704100,122048,2026-01-06 12:55:00,2,0.0,-0.6916666666666663,0.6916666666666663
122048_1767704400,122048,2026-01-06 13:00:00,2,0.0,-2.98,2.98
135081_1767704400,135081,2026-01-06 13:00:00,2,11.0,50.99500000000001,39.99500000000001
122658_1767704400,122658,2026-01-06 13:00:00,2,289.0,224.52250000000004,64.47749999999996
122048_1767704700,122048,2026-01-06 13:05:00,2,0.0,-6.919791666666666,6.919791666666666
132430_1767704700,132430,2026-01-06 13:05:00,2,16.0,32.25895833333333,16.258958333333332
134040_1767704700,134040,2026-01-06 13:05:00,2,-7.0,62.889374999999994,69.889375
122658_1767704700,122658,2026-01-06 13:05:00,2,321.0,245.4308333333333,75.56916666666669
134040_1767705000,134040,2026-01-06 13:10:00,2,47.0,95.544375,48.544375
122658_1767705000,122658,2026-01-06 13:10:00,2,406.0,208.68125000000003,197.31874999999997
122048_1767705000,122048,2026-01-06 13:10:00,2,0.0,13.967500000000003,13.967500000000003
132430_1767705000,132430,2026-01-06 13:10:00,2,16.0,34.42855392156861,18.428553921568607
132430_1767705300,132430,2026-01-06 13:15:00,2,17.0,10.021666666666665,6.978333333333335
122048_1767705300,122048,2026-01-06 13:15:00,2,0.0,-2.932916666666667,2.932916666666667
134040_1767705300,134040,2026-01-06 13:15:00,2,84.0,113.54000000000003,29.540000000000035
132430_1767705600,132430,2026-01-06 13:20:00,2,77.0,71.61375000000002,5.386249999999976
122658_1767705600,122658,2026-01-06 13:20:00,2,0.0,48.28187500000001,48.28187500000001
134040_1767705600,134040,2026-01-06 13:20:00,2,113.0,137.20687500000003,24.206875000000025
122613_1767705900,122613,2026-01-06 13:25:00,2,0.0,-3.8981250000000007,3.8981250000000007
132430_1767705900,132430,2026-01-06 13:25:00,2,57.0,97.19145833333337,40.19145833333337
134040_1767705900,134040,2026-01-06 13:25:00,2,37.0,83.01083333333332,46.01083333333332
135081_1767705900,135081,2026-01-06 13:25:00,2,79.0,73.83866666666655,5.161333333333445
132430_1767706200,132430,2026-01-06 13:30:00,2,196.0,161.69895833333334,34.30104166666666
134040_1767706200,134040,2026-01-06 13:30:00,2,123.0,97.37208333333332,25.62791666666668
134040_1767706500,134040,2026-01-06 13:35:00,2,172.0,85.21645833333334,86.78354166666666
132430_1767706500,132430,2026-01-06 13:35:00,2,103.0,76.70541666666665,26.29458333333335
134040_1767706800,134040,2026-01-06 13:40:00,2,317.0,167.21583333333336,149.78416666666664
132430_1767706800,132430,2026-01-06 13:40:00,2,53.0,34.5025,18.497500000000002
134040_1767707100,134040,2026-01-06 13:45:00,2,231.0,161.75812500000006,69.24187499999994
134040_1767707400,134040,2026-01-06 13:50:00,2,234.0,131.74187500000005,102.25812499999995
134040_1767707700,134040,2026-01-06 13:55:00,2,200.0,124.38375000000003,75.61624999999997
122613_1767708000,122613,2026-01-06 14:00:00,2,0.0,26.30729166666668,26.30729166666668
135081_1767708000,135081,2026-01-06 14:00:00,2,19.0,18.98437500000001,0.015624999999989342
122613_1767708300,122613,2026-01-06 14:05:00,2,0.0,9.93145833333333,9.93145833333333
135081_1767708300,135081,2026-01-06 14:05:00,2,-36.0,-40.895625,4.895625000000003
122613_1767708600,122613,2026-01-06 14:10:00,2,-77.0,-53.34187499999997,23.658125000000027
135081_1767708600,135081,2026-01-06 14:10:00,2,-19.0,-12.51833333333333,6.481666666666669
122613_1767708900,122613,2026-01-06 14:15:00,2,0.0,-32.20427083333332,32.20427083333332
135081_1767708900,135081,2026-01-06 14:15:00,2,-17.0,-59.94166666666667,42.94166666666667
122613_1767709200,122613,2026-01-06 14:20:00,2,0.0,-11.860416666666667,11.860416666666667
135081_1767709200,135081,2026-01-06 14:20:00,2,-17.0,-34.71333333333333,17.71333333333333
122613_1767709500,122613,2026-01-06 14:25:00,2,0.0,-35.37283333333334,35.37283333333334
135081_1767709500,135081,2026-01-06 14:25:00,2,-102.0,-42.02541666666667,59.97458333333333
122613_1767709800,122613,2026-01-06 14:30:00,2,0.0,-28.49677083333333,28.49677083333333
135081_1767709800,135081,2026-01-06 14:30:00,2,-84.0,-82.483125,1.5168749999999989
134040_1767709800,134040,2026-01-06 14:30:00,2,79.0,97.06125000000003,18.06125000000003
122613_1767710100,122613,2026-01-06 14:35:00,2,0.0,-24.90899999999999,24.90899999999999
135081_1767710100,135081,2026-01-06 14:35:00,2,-126.0,-55.41541666666665,70.58458333333334
134040_1767710100,134040,2026-01-06 14:35:00,2,4.0,25.145833333333336,21.145833333333336
122613_1767710400,122613,2026-01-06 14:40:00,2,0.0,-51.761875,51.761875
134040_1767710400,134040,2026-01-06 14:40:00,2,68.0,101.64520833333331,33.645208333333315
135081_1767710400,135081,2026-01-06 14:40:00,2,-128.0,-62.94562499999998,65.05437500000002
135081_1767710700,135081,2026-01-06 14:45:00,2,-145.0,-125.80416666666666,19.19583333333334
122613_1767710700,122613,2026-01-06 14:45:00,2,0.0,-19.065833333333345,19.065833333333345
134040_1767710700,134040,2026-01-06 14:45:00,2,87.0,93.75416666666666,6.754166666666663
134040_1767711000,134040,2026-01-06 14:50:00,2,187.0,123.410625,63.589375000000004
135081_1767711000,135081,2026-01-06 14:50:00,2,-175.0,-134.97791666666674,40.022083333333256
134040_1767711300,134040,2026-01-06 14:55:00,2,267.0,128.77,138.23
135081_1767711300,135081,2026-01-06 14:55:00,2,-168.0,-33.521041666666655,134.47895833333334
135081_1767711600,135081,2026-01-06 15:00:00,2,11.0,30.901458333333327,19.901458333333327
135081_1767711900,135081,2026-01-06 15:05:00,2,-12.0,48.036875,60.036875
130072_1767733800,130072,2026-01-06 21:10:00,2,168.0,114.75374999999998,53.24625000000002
130072_1767734100,130072,2026-01-06 21:15:00,2,195.0,129.9204166666667,65.07958333333329
130072_1767734400,130072,2026-01-06 21:20:00,2,163.0,135.22895833333334,27.77104166666666
130072_1767734700,130072,2026-01-06 21:25:00,2,0.0,37.613125,37.613125
130072_1767735000,130072,2026-01-06 21:30:00,2,0.0,34.58958333333335,34.58958333333335
134494_1767739800,134494,2026-01-06 22:50:00,2,0.0,-2.9206666666666674,2.9206666666666674
134494_1767740100,134494,2026-01-06 22:55:00,2,0.0,-3.8318452380952386,3.8318452380952386
130238_1767697200,130238,2026-01-06 11:00:00,3,40.0,56.043901515151504,16.043901515151504
130238_1767697500,130238,2026-01-06 11:05:00,3,32.0,82.35499999999996,50.35499999999996
133300_1767697800,133300,2026-01-06 11:10:00,3,65.0,16.188958333333336,48.81104166666667
133300_1767698100,133300,2026-01-06 11:15:00,3,151.0,85.50354166666679,65.49645833333321
133300_1767698400,133300,2026-01-06 11:20:00,3,225.0,233.26687499999997,8.26687499999997
129964_1767700200,129964,2026-01-06 11:50:00,3,-73.0,-47.1525,25.847499999999997
129964_1767700500,129964,2026-01-06 11:55:00,3,90.0,41.83458333333338,48.16541666666662
133300_1767700800,133300,2026-01-06 12:00:00,3,260.0,188.4170833333332,71.58291666666679
133300_1767701400,133300,2026-01-06 12:10:00,3,-7.0,0.4504166666666665,7.4504166666666665
133300_1767701700,133300,2026-01-06 12:15:00,3,-7.0,13.468958333333342,20.46895833333334
133300_1767702000,133300,2026-01-06 12:20:00,3,132.0,75.94916666666671,56.05083333333329
133300_1767702300,133300,2026-01-06 12:25:00,3,114.0,77.13000000000002,36.869999999999976
133300_1767702600,133300,2026-01-06 12:30:00,3,47.0,58.43354166666667,11.43354166666667
133300_1767702900,133300,2026-01-06 12:35:00,3,95.0,72.37979166666669,22.62020833333331
133300_1767703200,133300,2026-01-06 12:40:00,3,322.0,240.3502083333333,81.64979166666669
133957_1767703800,133957,2026-01-06 12:50:00,3,40.0,40.486805555555556,0.4868055555555557
133300_1767703800,133300,2026-01-06 12:50:00,3,-25.0,-6.587708333333336,18.412291666666665
133957_1767704100,133957,2026-01-06 12:55:00,3,139.0,59.73166666666666,79.26833333333335
129964_1767704400,129964,2026-01-06 13:00:00,3,-106.0,-72.56770833333336,33.43229166666664
129964_1767704700,129964,2026-01-06 13:05:00,3,-150.0,-115.73041666666668,34.269583333333316
129964_1767705000,129964,2026-01-06 13:10:00,3,-165.0,7.642604166666664,172.64260416666667
129964_1767705300,129964,2026-01-06 13:15:00,3,-95.0,8.658020833333333,103.65802083333334
133957_1767705600,133957,2026-01-06 13:20:00,3,113.0,116.60854166666664,3.608541666666639
129964_1767705600,129964,2026-01-06 13:20:00,3,11.0,-12.745,23.744999999999997
122048_1767705600,122048,2026-01-06 13:20:00,3,0.0,7.265625,7.265625
133957_1767705900,133957,2026-01-06 13:25:00,3,123.0,89.04781249999998,33.95218750000002
129964_1767705900,129964,2026-01-06 13:25:00,3,-32.0,-53.755416666666676,21.755416666666676
122658_1767705900,122658,2026-01-06 13:25:00,3,0.0,25.03875,25.03875
122048_1767705900,122048,2026-01-06 13:25:00,3,0.0,5.0566666666666675,5.0566666666666675
122048_1767706200,122048,2026-01-06 13:30:00,3,0.0,48.95562500000001,48.95562500000001
131672_1767706200,131672,2026-01-06 13:30:00,3,37.0,-3.4706249999999983,40.470625
129964_1767706200,129964,2026-01-06 13:30:00,3,-50.0,-55.73354166666669,5.733541666666689
131672_1767706500,131672,2026-01-06 13:35:00,3,131.0,70.81583333333334,60.184166666666655
122048_1767706500,122048,2026-01-06 13:35:00,3,0.0,14.940416666666666,14.940416666666666
129964_1767706500,129964,2026-01-06 13:35:00,3,-51.0,-60.90020833333333,9.900208333333332
129964_1767706800,129964,2026-01-06 13:40:00,3,-34.0,-40.72270833333334,6.722708333333337
122048_1767706800,122048,2026-01-06 13:40:00,3,0.0,67.80333333333334,67.80333333333334
129964_1767707100,129964,2026-01-06 13:45:00,3,25.0,-2.5525000000000007,27.552500000000002
122048_1767707100,122048,2026-01-06 13:45:00,3,0.0,28.535625000000003,28.535625000000003
132430_1767707100,132430,2026-01-06 13:45:00,3,78.0,74.21583333333338,3.7841666666666214
122048_1767707400,122048,2026-01-06 13:50:00,3,0.0,48.12395833333333,48.12395833333333
129964_1767707400,129964,2026-01-06 13:50:00,3,-62.0,-36.14554166666667,25.854458333333334
132430_1767707400,132430,2026-01-06 13:50:00,3,39.0,72.83750000000003,33.837500000000034
122048_1767707700,122048,2026-01-06 13:55:00,3,0.0,15.228333333333339,15.228333333333339
132430_1767707700,132430,2026-01-06 13:55:00,3,58.0,119.22479166666672,61.22479166666672
129964_1767707700,129964,2026-01-06 13:55:00,3,5.0,-25.187750000000005,30.187750000000005
133957_1767708000,133957,2026-01-06 14:00:00,3,253.0,144.33437500000005,108.66562499999995
132430_1767708000,132430,2026-01-06 14:00:00,3,192.0,180.49604166666674,11.503958333333259
129964_1767708000,129964,2026-01-06 14:00:00,3,-6.0,135.5004166666667,141.5004166666667
133957_1767708300,133957,2026-01-06 14:05:00,3,180.0,88.61708333333333,91.38291666666667
132430_1767708300,132430,2026-01-06 14:05:00,3,68.0,91.36125000000001,23.361250000000013
129964_1767708600,129964,2026-01-06 14:10:00,3,-114.0,-94.29133928571429,19.708660714285713
131672_1767708600,131672,2026-01-06 14:10:00,3,60.0,61.25125,1.2512499999999989
132430_1767708600,132430,2026-01-06 14:10:00,3,-7.0,21.112083333333334,28.112083333333334
133957_1767708600,133957,2026-01-06 14:10:00,3,238.0,143.54972222222221,94.45027777777779
131672_1767708900,131672,2026-01-06 14:15:00,3,90.0,74.53708333333334,15.462916666666658
132430_1767708900,132430,2026-01-06 14:15:00,3,115.0,103.92833333333334,11.071666666666658
129964_1767708900,129964,2026-01-06 14:15:00,3,-106.0,-72.914375,33.08562499999999
133957_1767708900,133957,2026-01-06 14:15:00,3,170.0,67.56208333333335,102.43791666666665
132430_1767709200,132430,2026-01-06 14:20:00,3,98.0,109.09812500000002,11.098125000000024
133957_1767709200,133957,2026-01-06 14:20:00,3,81.0,46.41958333333333,34.58041666666667
131672_1767709200,131672,2026-01-06 14:20:00,3,91.0,70.755625,20.244375000000005
129964_1767709200,129964,2026-01-06 14:20:00,3,-77.0,2.4566666666666706,79.45666666666668
131672_1767709500,131672,2026-01-06 14:25:00,3,115.0,18.97666666666666,96.02333333333334
132430_1767709500,132430,2026-01-06 14:25:00,3,158.0,149.11312500000008,8.886874999999918
129964_1767709500,129964,2026-01-06 14:25:00,3,-93.0,-22.049375,70.950625
132430_1767709800,132430,2026-01-06 14:30:00,3,137.0,111.45270833333333,25.547291666666666
129964_1767709800,129964,2026-01-06 14:30:00,3,-69.0,1.7691666666666666,70.76916666666666
129964_1767710100,129964,2026-01-06 14:35:00,3,-42.0,5.163229166666665,47.16322916666667
132430_1767710400,132430,2026-01-06 14:40:00,3,23.0,111.53000000000002,88.53000000000002
129964_1767710400,129964,2026-01-06 14:40:00,3,-145.0,-73.9716666666667,71.0283333333333
132430_1767710700,132430,2026-01-06 14:45:00,3,23.0,27.20104166666666,4.2010416666666615
129964_1767710700,129964,2026-01-06 14:45:00,3,-127.0,-56.51666666666666,70.48333333333335
129964_1767711000,129964,2026-01-06 14:50:00,3,-207.0,-71.79145833333338,135.20854166666663
132430_1767711000,132430,2026-01-06 14:50:00,3,47.0,61.07895833333333,14.078958333333333
122613_1767711000,122613,2026-01-06 14:50:00,3,0.0,-5.625625000000002,5.625625000000002
129964_1767711300,129964,2026-01-06 14:55:00,3,-66.0,4.6639583333333325,70.66395833333333
122613_1767711300,122613,2026-01-06 14:55:00,3,0.0,16.721874999999997,16.721874999999997
132430_1767711300,132430,2026-01-06 14:55:00,3,33.0,85.70854166666668,52.708541666666676
131672_1767711600,131672,2026-01-06 15:00:00,3,-47.0,-29.19520833333333,17.80479166666667
133957_1767711600,133957,2026-01-06 15:00:00,3,26.0,72.67557291666667,46.67557291666667
132430_1767711600,132430,2026-01-06 15:00:00,3,171.0,163.41416666666663,7.585833333333369
134040_1767711600,134040,2026-01-06 15:00:00,3,199.0,102.32041666666665,96.67958333333335
133957_1767711900,133957,2026-01-06 15:05:00,3,17.0,45.71291666666666,28.712916666666658
134040_1767711900,134040,2026-01-06 15:05:00,3,181.0,114.21854166666671,66.78145833333329
131672_1767711900,131672,2026-01-06 15:05:00,3,-52.0,-17.08833333333333,34.91166666666667
132430_1767711900,132430,2026-01-06 15:05:00,3,384.0,246.51708333333335,137.48291666666665
132430_1767712200,132430,2026-01-06 15:10:00,3,291.0,230.66145833333331,60.338541666666686
135081_1767712200,135081,2026-01-06 15:10:00,3,-28.0,36.33559523809522,64.33559523809522
133300_1767712200,133300,2026-01-06 15:10:00,3,-35.0,-31.543750000000003,3.456249999999997
134040_1767712200,134040,2026-01-06 15:10:00,3,202.0,145.8289583333334,56.17104166666661
133957_1767712200,133957,2026-01-06 15:10:00,3,28.0,58.77312500000002,30.77312500000002
133957_1767712500,133957,2026-01-06 15:15:00,3,-36.0,48.20437500000002,84.20437500000003
135081_1767712500,135081,2026-01-06 15:15:00,3,59.0,23.46750000000001,35.53249999999999
133300_1767712500,133300,2026-01-06 15:15:00,3,-35.0,-25.379791666666666,9.620208333333334
132430_1767712500,132430,2026-01-06 15:15:00,3,226.0,208.87145833333335,17.12854166666665
134040_1767712500,134040,2026-01-06 15:15:00,3,199.0,150.21791666666655,48.782083333333446
130238_1767712500,130238,2026-01-06 15:15:00,3,10.0,8.882291666666664,1.1177083333333364
134040_1767712800,134040,2026-01-06 15:20:00,3,183.0,136.2610416666666,46.738958333333386
130238_1767712800,130238,2026-01-06 15:20:00,3,-40.0,8.217083333333337,48.217083333333335
132430_1767712800,132430,2026-01-06 15:20:00,3,258.0,248.58708333333328,9.412916666666717
133300_1767712800,133300,2026-01-06 15:20:00,3,36.0,39.62916666666664,3.6291666666666416
133957_1767712800,133957,2026-01-06 15:20:00,3,-93.0,-29.021979166666675,63.978020833333325
134040_1767713100,134040,2026-01-06 15:25:00,3,91.0,93.33979166666666,2.339791666666656
130238_1767713100,130238,2026-01-06 15:25:00,3,-124.0,17.93833333333333,141.93833333333333
132430_1767713100,132430,2026-01-06 15:25:00,3,199.0,263.56645833333334,64.56645833333334
133957_1767713100,133957,2026-01-06 15:25:00,3,74.0,-36.61489583333333,110.61489583333332
122658_1767713100,122658,2026-01-06 15:25:00,3,27.0,26.54812500000001,0.4518749999999905
122613_1767713400,122613,2026-01-06 15:30:00,3,0.0,12.399479166666667,12.399479166666667
122658_1767713400,122658,2026-01-06 15:30:00,3,86.0,50.373541666666654,35.626458333333346
131672_1767713400,131672,2026-01-06 15:30:00,3,12.0,20.317361111111108,8.317361111111108
130238_1767713400,130238,2026-01-06 15:30:00,3,-99.0,-4.734583333333334,94.26541666666667
133957_1767713400,133957,2026-01-06 15:30:00,3,75.0,-25.28395833333332,100.28395833333332
122048_1767713400,122048,2026-01-06 15:30:00,3,0.0,4.4191666666666665,4.4191666666666665
122613_1767713700,122613,2026-01-06 15:35:00,3,0.0,17.75104166666667,17.75104166666667
131672_1767713700,131672,2026-01-06 15:35:00,3,86.0,20.70187500000001,65.298125
133957_1767713700,133957,2026-01-06 15:35:00,3,-11.0,17.106041666666666,28.106041666666666
122658_1767713700,122658,2026-01-06 15:35:00,3,159.0,135.01041666666663,23.98958333333337
122048_1767713700,122048,2026-01-06 15:35:00,3,0.0,-34.40395833333333,34.40395833333333
130238_1767713700,130238,2026-01-06 15:35:00,3,-47.0,26.07208333333333,73.07208333333332
122613_1767714000,122613,2026-01-06 15:40:00,3,0.0,14.963125,14.963125
131672_1767714000,131672,2026-01-06 15:40:00,3,67.0,22.54249999999999,44.45750000000001
122048_1767714000,122048,2026-01-06 15:40:00,3,0.0,-24.79458333333335,24.79458333333335
130238_1767714000,130238,2026-01-06 15:40:00,3,-41.0,-13.229375000000003,27.770624999999995
122658_1767714000,122658,2026-01-06 15:40:00,3,225.0,199.92666666666668,25.073333333333323
122613_1767714300,122613,2026-01-06 15:45:00,3,0.0,24.28666666666667,24.28666666666667
130238_1767714300,130238,2026-01-06 15:45:00,3,-45.0,-43.91041666666666,1.0895833333333371
122048_1767714300,122048,2026-01-06 15:45:00,3,0.0,-51.74479166666665,51.74479166666665
131672_1767714300,131672,2026-01-06 15:45:00,3,70.0,11.342083333333324,58.65791666666668
122658_1767714300,122658,2026-01-06 15:45:00,3,348.0,105.44999999999999,242.55
122048_1767714600,122048,2026-01-06 15:50:00,3,0.0,-25.253541666666674,25.253541666666674
122613_1767714600,122613,2026-01-06 15:50:00,3,0.0,9.527291666666667,9.527291666666667
130238_1767714600,130238,2026-01-06 15:50:00,3,-30.0,4.178333333333333,34.178333333333335
122658_1767714600,122658,2026-01-06 15:50:00,3,362.0,209.9760416666667,152.0239583333333
131672_1767714600,131672,2026-01-06 15:50:00,3,13.0,11.791041666666667,1.2089583333333334
122613_1767714900,122613,2026-01-06 15:55:00,3,0.0,-1.6891666666666665,1.6891666666666665
130238_1767714900,130238,2026-01-06 15:55:00,3,-78.0,-22.52604166666666,55.47395833333334
122658_1767714900,122658,2026-01-06 15:55:00,3,2.0,57.37208333333332,55.37208333333332
122048_1767714900,122048,2026-01-06 15:55:00,3,0.0,25.108541666666664,25.108541666666664
131672_1767714900,131672,2026-01-06 15:55:00,3,-150.0,-45.720625,104.279375
122048_1767715200,122048,2026-01-06 16:00:00,3,0.0,29.93,29.93
122658_1767715200,122658,2026-01-06 16:00:00,3,0.0,37.39458333333335,37.39458333333335
132430_1767715200,132430,2026-01-06 16:00:00,3,485.0,386.67499999999995,98.32500000000005
122613_1767715200,122613,2026-01-06 16:00:00,3,0.0,58.72874999999997,58.72874999999997
130238_1767715200,130238,2026-01-06 16:00:00,3,-97.0,-10.440833333333337,86.55916666666667
122658_1767715500,122658,2026-01-06 16:05:00,3,0.0,72.65458333333332,72.65458333333332
132430_1767715500,132430,2026-01-06 16:05:00,3,483.0,353.9458333333334,129.05416666666662
122048_1767715500,122048,2026-01-06 16:05:00,3,0.0,59.708125,59.708125
122613_1767715500,122613,2026-01-06 16:05:00,3,0.0,14.027916666666664,14.027916666666664
122048_1767715800,122048,2026-01-06 16:10:00,3,0.0,40.514212398374,40.514212398374
122658_1767715800,122658,2026-01-06 16:10:00,3,0.0,16.219374999999992,16.219374999999992
122048_1767716100,122048,2026-01-06 16:15:00,3,0.0,66.30421239837395,66.30421239837395
122658_1767716100,122658,2026-01-06 16:15:00,3,0.0,13.79979166666666,13.79979166666666
122048_1767716400,122048,2026-01-06 16:20:00,3,0.0,95.05625000000002,95.05625000000002
133957_1767716400,133957,2026-01-06 16:20:00,3,115.0,85.3096875,29.690312500000005
130238_1767716400,130238,2026-01-06 16:20:00,3,98.0,83.21354166666666,14.786458333333343
122658_1767716400,122658,2026-01-06 16:20:00,3,0.0,21.98645833333333,21.98645833333333
133957_1767716700,133957,2026-01-06 16:25:00,3,104.0,67.84614583333331,36.15385416666669
130238_1767716700,130238,2026-01-06 16:25:00,3,9.0,-24.02145833333334,33.02145833333334
122048_1767716700,122048,2026-01-06 16:25:00,3,0.0,45.86566666666668,45.86566666666668
122658_1767716700,122658,2026-01-06 16:25:00,3,0.0,2.599583333333334,2.599583333333334
130238_1767717000,130238,2026-01-06 16:30:00,3,-55.0,-31.589375000000004,23.410624999999996
135081_1767717000,135081,2026-01-06 16:30:00,3,92.0,39.700624999999995,52.299375000000005
135081_1767717300,135081,2026-01-06 16:35:00,3,-22.0,-41.82333333333332,19.823333333333323
135081_1767717600,135081,2026-01-06 16:40:00,3,-133.0,-41.62416666666664,91.37583333333336
135081_1767717900,135081,2026-01-06 16:45:00,3,-127.0,-61.12854166666665,65.87145833333335
135081_1767718200,135081,2026-01-06 16:50:00,3,-51.0,-22.05666666666666,28.94333333333334
135081_1767718500,135081,2026-01-06 16:55:00,3,-77.0,-54.24458333333333,22.75541666666667
133957_1767718800,133957,2026-01-06 17:00:00,3,-35.0,-11.306666666666665,23.693333333333335
135081_1767718800,135081,2026-01-06 17:00:00,3,-153.0,-104.361875,48.638125
135081_1767719100,135081,2026-01-06 17:05:00,3,-144.0,-76.21261904761903,67.78738095238097
133957_1767719100,133957,2026-01-06 17:05:00,3,-113.0,-37.355,75.64500000000001
135081_1767719400,135081,2026-01-06 17:10:00,3,-123.0,-38.68125,84.31875
133957_1767719400,133957,2026-01-06 17:10:00,3,-174.0,-16.726249999999997,157.27375
135081_1767719700,135081,2026-01-06 17:15:00,3,-137.0,-42.26145833333334,94.73854166666666
133957_1767719700,133957,2026-01-06 17:15:00,3,-173.0,-88.23458333333332,84.76541666666668
122048_1767720000,122048,2026-01-06 17:20:00,3,-336.0,-269.935,66.065
133957_1767720000,133957,2026-01-06 17:20:00,3,-218.0,-93.07458333333331,124.92541666666669
135081_1767720000,135081,2026-01-06 17:20:00,3,-199.0,-90.6,108.4
135081_1767720300,135081,2026-01-06 17:25:00,3,-231.0,-122.143125,108.856875
122048_1767720300,122048,2026-01-06 17:25:00,3,-130.0,-53.33999999999999,76.66000000000001
122048_1767720600,122048,2026-01-06 17:30:00,3,-32.0,-9.632142857142856,22.367857142857144
135081_1767720600,135081,2026-01-06 17:30:00,3,-180.0,-31.668958333333325,148.33104166666666
122048_1767720900,122048,2026-01-06 17:35:00,3,-32.0,-3.810416666666668,28.18958333333333
135081_1767720900,135081,2026-01-06 17:35:00,3,-34.0,36.88666666666668,70.88666666666668
133957_1767720900,133957,2026-01-06 17:35:00,3,67.0,30.935833333333346,36.06416666666665
133957_1767721200,133957,2026-01-06 17:40:00,3,28.0,41.00270833333334,13.002708333333338
122048_1767721200,122048,2026-01-06 17:40:00,3,-108.0,47.721875,155.721875
135081_1767721200,135081,2026-01-06 17:40:00,3,4.0,38.879583333333336,34.879583333333336
135081_1767721500,135081,2026-01-06 17:45:00,3,12.0,27.33916666666667,15.33916666666667
122048_1767721500,122048,2026-01-06 17:45:00,3,-141.0,-42.65583333333335,98.34416666666665
133957_1767721500,133957,2026-01-06 17:45:00,3,83.0,85.91000000000007,2.9100000000000676
122048_1767721800,122048,2026-01-06 17:50:00,3,-174.0,-47.10354166666667,126.89645833333333
133957_1767721800,133957,2026-01-06 17:50:00,3,-28.0,66.98199404761904,94.98199404761904
135081_1767721800,135081,2026-01-06 17:50:00,3,48.0,26.24145833333333,21.75854166666667
122048_1767722100,122048,2026-01-06 17:55:00,3,-157.0,-61.326041666666654,95.67395833333335
132430_1767722400,132430,2026-01-06 18:00:00,3,380.0,326.71604166666674,53.28395833333326
134040_1767722400,134040,2026-01-06 18:00:00,3,107.0,149.3614583333334,42.36145833333339
122048_1767722400,122048,2026-01-06 18:00:00,3,-146.0,-62.38145833333333,83.61854166666667
134040_1767722700,134040,2026-01-06 18:05:00,3,295.0,230.34854166666662,64.65145833333338
132430_1767722700,132430,2026-01-06 18:05:00,3,324.0,352.3556249999999,28.355624999999918
134040_1767723000,134040,2026-01-06 18:10:00,3,407.0,315.5545833333333,91.44541666666669
132430_1767723000,132430,2026-01-06 18:10:00,3,452.0,384.6679166666667,67.33208333333329
132430_1767723300,132430,2026-01-06 18:15:00,3,333.0,263.1049999999999,69.8950000000001
134040_1767723300,134040,2026-01-06 18:15:00,3,342.0,325.99645833333346,16.003541666666536
134040_1767723600,134040,2026-01-06 18:20:00,3,401.0,364.2079166666666,36.79208333333338
132430_1767723600,132430,2026-01-06 18:20:00,3,310.0,300.6345833333333,9.365416666666704
132430_1767723900,132430,2026-01-06 18:25:00,3,285.0,326.1489583333334,41.14895833333338
134040_1767723900,134040,2026-01-06 18:25:00,3,487.0,331.02875,155.97125
132430_1767724200,132430,2026-01-06 18:30:00,3,309.0,305.576875,3.4231250000000273
134040_1767724200,134040,2026-01-06 18:30:00,3,465.0,322.7891666666667,142.2108333333333
131672_1767724200,131672,2026-01-06 18:30:00,3,368.0,361.6418750000001,6.358124999999916
134040_1767724500,134040,2026-01-06 18:35:00,3,409.0,323.618125,85.38187499999998
132430_1767724500,132430,2026-01-06 18:35:00,3,299.0,320.03541666666655,21.03541666666655
132430_1767724800,132430,2026-01-06 18:40:00,3,45.0,107.93125,62.931250000000006
135081_1767726000,135081,2026-01-06 19:00:00,3,311.0,126.22687500000005,184.77312499999994
134040_1767735000,134040,2026-01-06 21:30:00,3,434.0,174.93852864583334,259.06147135416666
130072_1767735300,130072,2026-01-06 21:35:00,3,0.0,43.56270833333333,43.56270833333333
134040_1767735300,134040,2026-01-06 21:35:00,3,434.0,177.04665364583332,256.9533463541667
130072_1767735600,130072,2026-01-06 21:40:00,3,0.0,23.365,23.365
134040_1767735900,134040,2026-01-06 21:45:00,3,0.0,36.59625,36.59625
130072_1767735900,130072,2026-01-06 21:45:00,3,0.0,8.203958333333333,8.203958333333333
130072_1767736200,130072,2026-01-06 21:50:00,3,0.0,10.540833333333328,10.540833333333328
130072_1767736500,130072,2026-01-06 21:55:00,3,0.0,10.881458333333331,10.881458333333331
134494_1767742200,134494,2026-01-06 23:30:00,3,0.0,3.967233231707317,3.967233231707317
134494_1767742500,134494,2026-01-06 23:35:00,3,0.0,5.620358231707317,5.620358231707317
133300_1767713100,133300,2026-01-06 15:25:00,4,-9.0,35.868750000000006,44.868750000000006
129964_1767713400,129964,2026-01-06 15:30:00,4,-129.0,-82.99000000000007,46.009999999999934
129964_1767713700,129964,2026-01-06 15:35:00,4,-33.0,-45.727916666666644,12.727916666666644
129964_1767714000,129964,2026-01-06 15:40:00,4,25.0,15.184375000000005,9.815624999999995
129964_1767714300,129964,2026-01-06 15:45:00,4,8.0,25.000833333333336,17.000833333333336
129964_1767714600,129964,2026-01-06 15:50:00,4,-49.0,-27.945208333333348,21.054791666666652
129964_1767714900,129964,2026-01-06 15:55:00,4,-82.0,-51.01791666666667,30.98208333333333
133300_1767715200,133300,2026-01-06 16:00:00,4,22.0,41.369375,19.369374999999998
129964_1767715200,129964,2026-01-06 16:00:00,4,-134.0,-78.66458333333333,55.335416666666674
129964_1767715500,129964,2026-01-06 16:05:00,4,-115.0,-57.652708333333315,57.347291666666685
133300_1767715500,133300,2026-01-06 16:05:00,4,-24.0,20.990416666666658,44.99041666666666
122613_1767715800,122613,2026-01-06 16:10:00,4,-18.0,-26.5475,8.5475
133300_1767715800,133300,2026-01-06 16:10:00,4,-87.0,19.64229166666666,106.64229166666667
129964_1767715800,129964,2026-01-06 16:10:00,4,-2.0,-20.61729166666667,18.61729166666667
133300_1767716100,133300,2026-01-06 16:15:00,4,-38.0,66.679375,104.679375
122613_1767716100,122613,2026-01-06 16:15:00,4,11.0,-2.35625,13.35625
129964_1767716100,129964,2026-01-06 16:15:00,4,-46.0,-84.64705357142857,38.64705357142857
133300_1767716400,133300,2026-01-06 16:20:00,4,207.0,128.64604166666666,78.35395833333334
129964_1767716400,129964,2026-01-06 16:20:00,4,-13.0,-22.53079166666666,9.530791666666659
122613_1767716400,122613,2026-01-06 16:20:00,4,-88.0,-42.54687500000002,45.45312499999998
122613_1767716700,122613,2026-01-06 16:25:00,4,-27.0,-22.47020833333334,4.529791666666661
129964_1767716700,129964,2026-01-06 16:25:00,4,303.0,-9.196250000000003,312.19625
122658_1767717000,122658,2026-01-06 16:30:00,4,0.0,54.47333333333336,54.47333333333336
122613_1767717000,122613,2026-01-06 16:30:00,4,-62.0,-20.5625,41.4375
129964_1767717300,129964,2026-01-06 16:35:00,4,-111.0,-98.7672916666667,12.232708333333306
130238_1767717300,130238,2026-01-06 16:35:00,4,-41.0,7.309583333333333,48.309583333333336
122613_1767717300,122613,2026-01-06 16:35:00,4,-54.0,-29.93145833333333,24.06854166666667
122613_1767717600,122613,2026-01-06 16:40:00,4,-11.0,-22.896458333333342,11.896458333333342
130238_1767717600,130238,2026-01-06 16:40:00,4,-57.0,11.932500000000003,68.9325
129964_1767717600,129964,2026-01-06 16:40:00,4,-126.0,-110.30020833333329,15.699791666666712
122658_1767717600,122658,2026-01-06 16:40:00,4,-46.0,-11.37708333333333,34.62291666666667
122613_1767717900,122613,2026-01-06 16:45:00,4,55.0,-2.275208333333337,57.27520833333334
122658_1767717900,122658,2026-01-06 16:45:00,4,38.0,49.403125,11.403125000000003
129964_1767717900,129964,2026-01-06 16:45:00,4,38.0,-20.812708333333315,58.81270833333332
130238_1767717900,130238,2026-01-06 16:45:00,4,-92.0,-2.5989583333333353,89.40104166666667
129964_1767718200,129964,2026-01-06 16:50:00,4,57.0,-1.9689583333333331,58.96895833333333
130238_1767718200,130238,2026-01-06 16:50:00,4,-38.0,17.844583333333343,55.84458333333335
122613_1767718200,122613,2026-01-06 16:50:00,4,72.0,22.158541666666665,49.841458333333335
122658_1767718200,122658,2026-01-06 16:50:00,4,39.0,67.761875,28.761875000000003
122658_1767718500,122658,2026-01-06 16:55:00,4,63.0,117.50145833333336,54.50145833333336
122613_1767718500,122613,2026-01-06 16:55:00,4,72.0,67.01937500000003,4.980624999999975
129964_1767718500,129964,2026-01-06 16:55:00,4,71.0,8.873125,62.126875
130238_1767718500,130238,2026-01-06 16:55:00,4,-3.0,17.65458333333333,20.65458333333333
130238_1767718800,130238,2026-01-06 17:00:00,4,-85.0,12.535416666666665,97.53541666666666
122658_1767718800,122658,2026-01-06 17:00:00,4,107.0,181.65166666666664,74.65166666666664
129964_1767718800,129964,2026-01-06 17:00:00,4,39.0,11.689583333333333,27.31041666666667
133300_1767718800,133300,2026-01-06 17:00:00,4,231.0,155.28,75.72
129964_1767719100,129964,2026-01-06 17:05:00,4,-44.0,-47.54999999999998,3.549999999999983
130238_1767719100,130238,2026-01-06 17:05:00,4,99.0,50.510208333333324,48.489791666666676
122658_1767719100,122658,2026-01-06 17:05:00,4,88.0,176.61666666666665,88.61666666666665
122658_1767719400,122658,2026-01-06 17:10:00,4,0.0,68.12312499999999,68.12312499999999
130238_1767719400,130238,2026-01-06 17:10:00,4,160.0,40.72937500000001,119.270625
133300_1767719400,133300,2026-01-06 17:10:00,4,-24.0,-3.7783333333333333,20.221666666666668
129964_1767719400,129964,2026-01-06 17:10:00,4,-130.0,-67.2458333333333,62.754166666666706
122658_1767719700,122658,2026-01-06 17:15:00,4,0.0,14.146875000000001,14.146875000000001
130238_1767719700,130238,2026-01-06 17:15:00,4,134.0,67.6104166666667,66.3895833333333
129964_1767719700,129964,2026-01-06 17:15:00,4,-135.0,-61.41541666666666,73.58458333333334
133300_1767719700,133300,2026-01-06 17:15:00,4,22.0,23.42833333333335,1.4283333333333488
133300_1767720000,133300,2026-01-06 17:20:00,4,-46.0,-18.951875000000012,27.048124999999988
130238_1767720000,130238,2026-01-06 17:20:00,4,35.0,43.87375,8.873750000000001
122658_1767720000,122658,2026-01-06 17:20:00,4,0.0,29.66479166666666,29.66479166666666
129964_1767720000,129964,2026-01-06 17:20:00,4,-14.0,-15.97875,1.9787499999999998
133300_1767720300,133300,2026-01-06 17:25:00,4,-26.0,-3.7216666666666662,22.278333333333332
129964_1767720300,129964,2026-01-06 17:25:00,4,-105.0,-43.891875,61.108125
130238_1767720300,130238,2026-01-06 17:25:00,4,41.0,56.719375,15.719375
122658_1767720300,122658,2026-01-06 17:25:00,4,0.0,21.422500000000003,21.422500000000003
129964_1767720600,129964,2026-01-06 17:30:00,4,-10.0,-21.103125,11.103124999999999
122658_1767720600,122658,2026-01-06 17:30:00,4,0.0,25.730624999999996,25.730624999999996
130238_1767720600,130238,2026-01-06 17:30:00,4,-64.0,18.50020833333334,82.50020833333335
130238_1767720900,130238,2026-01-06 17:35:00,4,-125.0,-8.507291666666667,116.49270833333333
122658_1767720900,122658,2026-01-06 17:35:00,4,0.0,35.07541666666667,35.07541666666667
129964_1767720900,129964,2026-01-06 17:35:00,4,49.0,-10.382708333333333,59.38270833333333
130238_1767721200,130238,2026-01-06 17:40:00,4,-103.0,-23.851874999999996,79.14812500000001
122658_1767721200,122658,2026-01-06 17:40:00,4,0.0,19.12770833333333,19.12770833333333
130238_1767721500,130238,2026-01-06 17:45:00,4,-170.0,-45.64729166666665,124.35270833333334
133957_1767722100,133957,2026-01-06 17:55:00,4,-73.0,33.23687500000001,106.23687500000001
133300_1767722400,133300,2026-01-06 18:00:00,4,310.0,239.78541666666675,70.21458333333325
133300_1767722700,133300,2026-01-06 18:05:00,4,406.0,365.91979166666664,40.08020833333336
122048_1767722700,122048,2026-01-06 18:05:00,4,-104.0,-63.20479166666666,40.79520833333334
133300_1767723000,133300,2026-01-06 18:10:00,4,580.0,432.60625,147.39375
122048_1767723000,122048,2026-01-06 18:10:00,4,-70.0,-20.109791666666663,49.890208333333334
122048_1767723300,122048,2026-01-06 18:15:00,4,48.0,36.17,11.829999999999998
122048_1767723600,122048,2026-01-06 18:20:00,4,66.0,28.42583333333333,37.57416666666667
133300_1767723600,133300,2026-01-06 18:20:00,4,-5.0,40.56375,45.56375
122048_1767723900,122048,2026-01-06 18:25:00,4,50.0,36.44958333333333,13.55041666666667
122048_1767724200,122048,2026-01-06 18:30:00,4,35.0,14.859166666666663,20.140833333333337
131672_1767724500,131672,2026-01-06 18:35:00,4,365.0,288.61229166666675,76.38770833333325
122048_1767724500,122048,2026-01-06 18:35:00,4,133.0,127.269375,5.730625000000003
122048_1767724800,122048,2026-01-06 18:40:00,4,250.0,239.616875,10.383125000000007
132430_1767725100,132430,2026-01-06 18:45:00,4,45.0,101.83916666666669,56.839166666666685
122048_1767725100,122048,2026-01-06 18:45:00,4,274.0,287.6166666666667,13.616666666666674
132430_1767725400,132430,2026-01-06 18:50:00,4,-1.0,77.02687499999998,78.02687499999998
122048_1767725400,122048,2026-01-06 18:50:00,4,356.0,327.32,28.680000000000007
122048_1767725700,122048,2026-01-06 18:55:00,4,417.0,220.1720833333333,196.8279166666667
132430_1767725700,132430,2026-01-06 18:55:00,4,27.0,100.2254166666667,73.2254166666667
122048_1767726000,122048,2026-01-06 19:00:00,4,481.0,356.6622916666667,124.3377083333333
122048_1767726300,122048,2026-01-06 19:05:00,4,523.0,378.38479166666656,144.61520833333344
135081_1767726300,135081,2026-01-06 19:05:00,4,146.0,83.90395833333334,62.096041666666665
135081_1767726600,135081,2026-01-06 19:10:00,4,53.0,18.864583333333332,34.13541666666667
131672_1767726900,131672,2026-01-06 19:15:00,4,-3.0,2.542291666666667,5.542291666666667
135081_1767726900,135081,2026-01-06 19:15:00,4,-68.0,-17.275624999999998,50.724375
131672_1767727200,131672,2026-01-06 19:20:00,4,-9.0,25.069791666666664,34.06979166666666
122048_1767727200,122048,2026-01-06 19:20:00,4,-54.0,17.023333333333333,71.02333333333334
135081_1767727200,135081,2026-01-06 19:20:00,4,-32.0,37.467499999999994,69.4675
135081_1767727500,135081,2026-01-06 19:25:00,4,-15.0,17.527291666666667,32.52729166666667
131672_1767727500,131672,2026-01-06 19:25:00,4,163.0,132.91416666666663,30.08583333333337
131672_1767727800,131672,2026-01-06 19:30:00,4,302.0,233.83750000000003,68.16249999999997
131672_1767728100,131672,2026-01-06 19:35:00,4,382.0,305.6152083333333,76.38479166666667
131672_1767728400,131672,2026-01-06 19:40:00,4,359.0,311.72374999999994,47.27625000000006
122048_1767728700,122048,2026-01-06 19:45:00,4,-348.0,-264.26,83.74000000000001
131672_1767728700,131672,2026-01-06 19:45:00,4,492.0,329.2597916666666,162.74020833333338
133957_1767729000,133957,2026-01-06 19:50:00,4,39.0,53.44812499999999,14.44812499999999
122048_1767729000,122048,2026-01-06 19:50:00,4,-142.0,-49.04916666666668,92.95083333333332
131672_1767729000,131672,2026-01-06 19:50:00,4,533.0,411.4050000000001,121.59499999999991
122048_1767729300,122048,2026-01-06 19:55:00,4,36.0,27.505625,8.494375000000002
131672_1767729300,131672,2026-01-06 19:55:00,4,478.0,388.39520833333336,89.60479166666664
133957_1767729300,133957,2026-01-06 19:55:00,4,171.0,111.54104166666666,59.45895833333334
131672_1767729600,131672,2026-01-06 20:00:00,4,557.0,371.13583333333344,185.86416666666656
133957_1767729600,133957,2026-01-06 20:00:00,4,141.0,109.3533333333333,31.646666666666704
122048_1767729600,122048,2026-01-06 20:00:00,4,41.0,81.63666666666668,40.636666666666684
132430_1767729600,132430,2026-01-06 20:00:00,4,21.0,94.18604166666664,73.18604166666664
122048_1767729900,122048,2026-01-06 20:05:00,4,93.0,138.08604166666666,45.08604166666666
133957_1767729900,133957,2026-01-06 20:05:00,4,126.0,122.28541666666666,3.714583333333337
132430_1767729900,132430,2026-01-06 20:05:00,4,177.0,145.66625,31.33375000000001
122048_1767730200,122048,2026-01-06 20:10:00,4,99.0,110.36479166666665,11.364791666666648
133957_1767730200,133957,2026-01-06 20:10:00,4,83.0,79.75749999999998,3.242500000000021
132430_1767730200,132430,2026-01-06 20:10:00,4,173.0,133.19125000000003,39.808749999999975
133957_1767730500,133957,2026-01-06 20:15:00,4,53.0,68.12041666666667,15.12041666666667
122048_1767730500,122048,2026-01-06 20:15:00,4,-3.0,92.59708333333332,95.59708333333332
132430_1767730500,132430,2026-01-06 20:15:00,4,146.0,109.67187499999996,36.32812500000004
122048_1767730800,122048,2026-01-06 20:20:00,4,25.0,75.79520833333333,50.795208333333335
133957_1767730800,133957,2026-01-06 20:20:00,4,38.0,78.20979166666666,40.20979166666666
132430_1767730800,132430,2026-01-06 20:20:00,4,234.0,191.21770833333332,42.78229166666668
133957_1767731100,133957,2026-01-06 20:25:00,4,59.0,70.2177083333333,11.217708333333306
122048_1767731100,122048,2026-01-06 20:25:00,4,4.0,31.450000000000003,27.450000000000003
132430_1767731100,132430,2026-01-06 20:25:00,4,277.0,242.98958333333337,34.01041666666663
132430_1767731400,132430,2026-01-06 20:30:00,4,192.0,206.44229166666665,14.442291666666648
133957_1767731400,133957,2026-01-06 20:30:00,4,46.0,73.46416666666664,27.464166666666642
133957_1767731700,133957,2026-01-06 20:35:00,4,116.0,81.50354166666669,34.49645833333331
132430_1767731700,132430,2026-01-06 20:35:00,4,201.0,152.56062500000004,48.439374999999956
131672_1767732000,131672,2026-01-06 20:40:00,4,32.0,20.076666666666625,11.923333333333375
132430_1767732000,132430,2026-01-06 20:40:00,4,167.0,185.57291666666669,18.572916666666686
133957_1767732000,133957,2026-01-06 20:40:00,4,129.0,90.11312500000003,38.886874999999975
132430_1767732300,132430,2026-01-06 20:45:00,4,337.0,258.0129166666666,78.98708333333337
131672_1767732300,131672,2026-01-06 20:45:00,4,16.0,14.105833333333333,1.894166666666667
132430_1767732600,132430,2026-01-06 20:50:00,4,338.0,299.73541666666665,38.26458333333335
133957_1767732600,133957,2026-01-06 20:50:00,4,39.0,42.72520833333332,3.7252083333333204
131672_1767732600,131672,2026-01-06 20:50:00,4,34.0,57.365416666666654,23.365416666666654
135081_1767732600,135081,2026-01-06 20:50:00,4,79.0,70.94458333333341,8.055416666666588
131672_1767732900,131672,2026-01-06 20:55:00,4,41.0,139.028125,98.02812499999999
133957_1767732900,133957,2026-01-06 20:55:00,4,-49.0,42.807499999999976,91.80749999999998
132430_1767732900,132430,2026-01-06 20:55:00,4,238.0,186.816875,51.18312499999999
135081_1767732900,135081,2026-01-06 20:55:00,4,136.0,93.0647916666667,42.93520833333331
135081_1767733200,135081,2026-01-06 21:00:00,4,40.0,45.049702380952375,5.049702380952375
133957_1767733200,133957,2026-01-06 21:00:00,4,59.0,65.4730357142857,6.4730357142857
122048_1767733200,122048,2026-01-06 21:00:00,4,0.0,49.54333333333335,49.54333333333335
132430_1767733200,132430,2026-01-06 21:00:00,4,153.0,182.45125,29.451249999999987
122048_1767733500,122048,2026-01-06 21:05:00,4,0.0,61.74604166666667,61.74604166666667
132430_1767733500,132430,2026-01-06 21:05:00,4,168.0,181.821875,13.821875000000006
133957_1767733500,133957,2026-01-06 21:05:00,4,28.0,54.300625,26.300624999999997
135081_1767733500,135081,2026-01-06 21:05:00,4,44.0,38.63354166666666,5.366458333333341
135081_1767733800,135081,2026-01-06 21:10:00,4,51.0,106.65854166666662,55.65854166666662
133957_1767733800,133957,2026-01-06 21:10:00,4,15.0,1.863541666666667,13.136458333333334
122048_1767733800,122048,2026-01-06 21:10:00,4,0.0,109.05687499999998,109.05687499999998
132430_1767733800,132430,2026-01-06 21:10:00,4,179.0,193.66729166666667,14.66729166666667
135081_1767734100,135081,2026-01-06 21:15:00,4,-16.0,23.38,39.379999999999995
133957_1767734100,133957,2026-01-06 21:15:00,4,45.0,37.34354166666667,7.656458333333333
122048_1767734100,122048,2026-01-06 21:15:00,4,0.0,44.79708333333332,44.79708333333332
132430_1767734100,132430,2026-01-06 21:15:00,4,96.0,172.05333333333337,76.05333333333337
133957_1767734400,133957,2026-01-06 21:20:00,4,7.0,52.91416666666666,45.91416666666666
135081_1767734400,135081,2026-01-06 21:20:00,4,-59.0,-21.45958333333332,37.54041666666668
122048_1767734400,122048,2026-01-06 21:20:00,4,0.0,26.54083333333332,26.54083333333332
135081_1767734700,135081,2026-01-06 21:25:00,4,-170.0,-72.9358333333333,97.0641666666667
122048_1767734700,122048,2026-01-06 21:25:00,4,0.0,46.50718749999999,46.50718749999999
133957_1767734700,133957,2026-01-06 21:25:00,4,65.0,77.51645833333333,12.516458333333333
133957_1767735000,133957,2026-01-06 21:30:00,4,21.0,58.047291666666666,37.047291666666666
133957_1767735300,133957,2026-01-06 21:35:00,4,50.0,60.30750000000001,10.307500000000012
133957_1767735600,133957,2026-01-06 21:40:00,4,77.0,87.72312500000002,10.723125000000024
134040_1767736200,134040,2026-01-06 21:50:00,4,0.0,45.7775,45.7775
134040_1767736500,134040,2026-01-06 21:55:00,4,0.0,27.734583333333333,27.734583333333333
134040_1767736800,134040,2026-01-06 22:00:00,4,0.0,-7.2375,7.2375
135081_1767736800,135081,2026-01-06 22:00:00,4,-98.0,-7.256458333333334,90.74354166666667
133957_1767736800,133957,2026-01-06 22:00:00,4,32.0,34.21708333333332,2.2170833333333206
133957_1767737100,133957,2026-01-06 22:05:00,4,-8.0,20.620833333333334,28.620833333333334
135081_1767737100,135081,2026-01-06 22:05:00,4,37.0,-0.9927083333333308,37.99270833333333
134040_1767737100,134040,2026-01-06 22:05:00,4,0.0,23.709041666666664,23.709041666666664
133957_1767737400,133957,2026-01-06 22:10:00,4,27.0,65.17803571428573,38.17803571428573
135081_1767737400,135081,2026-01-06 22:10:00,4,13.0,19.073958333333334,6.073958333333334
134040_1767737400,134040,2026-01-06 22:10:00,4,0.0,43.493833333333335,43.493833333333335
133957_1767737700,133957,2026-01-06 22:15:00,4,-22.0,44.14241071428569,66.14241071428569
135081_1767737700,135081,2026-01-06 22:15:00,4,172.0,77.19020833333332,94.80979166666668
134040_1767737700,134040,2026-01-06 22:15:00,4,0.0,20.746750000000002,20.746750000000002
134040_1767738000,134040,2026-01-06 22:20:00,4,0.0,24.183749999999996,24.183749999999996
132430_1767738000,132430,2026-01-06 22:20:00,4,90.0,97.349375,7.349374999999995
135081_1767738000,135081,2026-01-06 22:20:00,4,87.0,74.83208333333333,12.16791666666667
133957_1767738000,133957,2026-01-06 22:20:00,4,-77.0,4.424375,81.424375
135081_1767738300,135081,2026-01-06 22:25:00,4,73.0,79.58770833333332,6.587708333333325
134040_1767738300,134040,2026-01-06 22:25:00,4,0.0,3.822708333333333,3.822708333333333
132430_1767738300,132430,2026-01-06 22:25:00,4,108.0,126.01916666666668,18.019166666666678
134040_1767738600,134040,2026-01-06 22:30:00,4,0.0,35.83529166666667,35.83529166666667
134040_1767738900,134040,2026-01-06 22:35:00,4,0.0,14.947791666666667,14.947791666666667
134040_1767739200,134040,2026-01-06 22:40:00,4,0.0,49.36125000000001,49.36125000000001
134040_1767739500,134040,2026-01-06 22:45:00,4,0.0,18.885625,18.885625
134040_1767739800,134040,2026-01-06 22:50:00,4,0.0,-3.589375,3.589375
134040_1767740100,134040,2026-01-06 22:55:00,4,0.0,-3.6045833333333324,3.6045833333333324
134040_1767740400,134040,2026-01-06 23:00:00,4,0.0,1.1800000000000008,1.1800000000000008
132430_1767740400,132430,2026-01-06 23:00:00,4,151.0,136.91416666666663,14.085833333333369
130072_1767740700,130072,2026-01-06 23:05:00,4,0.0,3.490208333333334,3.490208333333334
132430_1767740700,132430,2026-01-06 23:05:00,4,124.0,145.55666666666667,21.556666666666672
134040_1767740700,134040,2026-01-06 23:05:00,4,0.0,36.32020833333333,36.32020833333333
132430_1767741000,132430,2026-01-06 23:10:00,4,60.0,104.97750000000002,44.97750000000002
130072_1767741000,130072,2026-01-06 23:10:00,4,0.0,23.34166666666667,23.34166666666667
130072_1767741300,130072,2026-01-06 23:15:00,4,0.0,39.392083333333325,39.392083333333325
132430_1767741300,132430,2026-01-06 23:15:00,4,85.0,83.57458333333332,1.4254166666666777
132430_1767741600,132430,2026-01-06 23:20:00,4,189.0,137.73104166666667,51.26895833333333
130072_1767741600,130072,2026-01-06 23:20:00,4,0.0,24.133124999999993,24.133124999999993
132430_1767741900,132430,2026-01-06 23:25:00,4,160.0,113.23916666666672,46.76083333333328
130072_1767741900,130072,2026-01-06 23:25:00,4,0.0,28.830208333333324,28.830208333333324
132430_1767742200,132430,2026-01-06 23:30:00,4,74.0,129.7697916666667,55.76979166666669
134494_1767742800,134494,2026-01-06 23:40:00,4,0.0,9.859434523809526,9.859434523809526
134494_1767743100,134494,2026-01-06 23:45:00,4,0.0,41.684375,41.684375
132430_1767743400,132430,2026-01-06 23:50:00,4,91.0,95.898125,4.898124999999993
132430_1767743700,132430,2026-01-06 23:55:00,4,154.0,127.07687500000002,26.923124999999985
