sample_id;prediction
131672_1767670500;78.19914285714287
131672_1767670800;64.1141428571429
131672_1767671100;132.29228571428567
131672_1767671400;218.07771428571436
134040_1767672000;79.2072857142857
134040_1767672300;86.03185714285713
134040_1767672600;60.17209523809517
134040_1767672900;94.70361904761907
134040_1767673200;136.6993333333334
134040_1767673500;182.29423809523803
122048_1767673800;81.55690476190472
122048_1767674100;18.371904761904776
122048_1767674400;-13.369619047619048
122048_1767674700;-25.203809523809532
122048_1767675000;-6.95261904761904
122048_1767675300;-35.861047619047625
131672_1767675600;34.68485714285716
131672_1767675900;5.761952380952385
131672_1767676200;-12.108666666666677
131672_1767676500;12.966809523809523
131672_1767676800;10.500476190476189
131672_1767677100;-9.766761904761898
122658_1767679500;25.936190476190482
122658_1767679800;80.18366666666667
122658_1767680100;144.89538095238086
122658_1767680400;140.54128571428558
122658_1767680700;216.15780952380962
134040_1767684600;85.06304761904764
130238_1767684600;30.890761904761916
130238_1767684900;31.184000000000026
134040_1767684900;35.75080952380957
134040_1767685200;88.35371428571432
130238_1767685200;73.82128571428575
134040_1767685500;112.18666666666658
130238_1767685500;102.30066666666657
134040_1767685800;122.50080952380955
130238_1767685800;110.157380952381
130238_1767686100;85.40428571428573
134040_1767686100;105.41000000000005
122658_1767686400;5.289857142857144
122658_1767686700;5.348095238095236
122658_1767687000;3.251523809523809
122658_1767687300;11.971380952380962
122658_1767687600;28.667666666666666
122658_1767687900;78.20828571428567
122613_1767690000;60.27209523809522
122613_1767690300;70.17233333333331
122613_1767690600;122.03104761904757
122613_1767690900;101.48247619047625
122613_1767691200;30.19566666666666
122613_1767691500;25.63895238095236
122048_1767695400;-223.17333333333326
122048_1767695700;3.4914761904761926
122048_1767696000;-13.88142857142857
122048_1767696300;0.2986666666666663
122048_1767696600;-29.642142857142893
122048_1767696900;-112.12776190476193
133300_1767699000;9.901190476190479
122048_1767699000;-195.29585714285687
133300_1767699300;-11.0555238095238
122048_1767699300;-226.5097142857142
122048_1767699600;-264.07
133300_1767699600;85.71861904761909
122048_1767699900;-246.69138095238114
133300_1767699900;82.29628571428572
122048_1767700200;-15.685428571428568
133300_1767700200;67.86533333333315
122048_1767700500;132.34547619047626
133300_1767700500;78.36080952380938
133957_1767700800;63.988666666666674
133957_1767701100;138.3099523809523
133957_1767701400;115.43623809523801
133957_1767701700;74.73866666666672
133957_1767702000;111.48504761904758
133957_1767702300;87.09261904761905
129964_1767702600;15.791380952380944
129964_1767702900;-46.39733333333335
129964_1767703200;-32.455571428571446
129964_1767703500;-26.98957142857144
129964_1767704100;-74.22085714285704
122658_1767706200;15.440952380952387
122658_1767706500;0.5994761904761908
122658_1767706800;-2.0239047619047623
122658_1767707100;5.389619047619045
122658_1767707400;5.795285714285715
131672_1767709800;101.83757142857137
122048_1767709800;-132.33352380952374
131672_1767710100;-5.093809523809526
122048_1767710100;-30.244761904761905
131672_1767710400;-28.761190476190478
122048_1767710400;-7.603333333333332
122048_1767710700;9.955190476190479
131672_1767710700;-46.06104761904761
131672_1767711000;-26.023333333333362
122048_1767711000;33.32142857142857
122048_1767711300;41.64204761904748
131672_1767711300;-36.01442857142857
132430_1767713400;265.82252380952383
133300_1767713400;-12.605428571428577
132430_1767713700;322.1666190476194
133300_1767713700;29.530809523809488
133300_1767714000;96.12019047619052
132430_1767714000;287.55704761904775
132430_1767714300;214.7444761904759
133300_1767714600;20.813952380952383
132430_1767714600;384.6753809523808
132430_1767714900;347.022333333333
133300_1767714900;17.766428571428573
122048_1767717000;-5.515476190476187
122048_1767717300;12.926476190476194
122048_1767717600;-10.858523809523804
122613_1767718800;99.34528571428574
132430_1767720000;59.84938095238098
132430_1767720300;73.20247619047636
131672_1767722400;107.26980952380949
131672_1767722700;192.4424761904762
131672_1767723000;318.9120952380957
131672_1767723300;317.03333333333336
131672_1767723600;344.6974285714281
131672_1767723900;314.35438095238123
133957_1767724200;205.77623809523806
132430_1767727800;278.78709523809545
132430_1767728100;198.67438095238086
132430_1767728400;128.05428571428556
132430_1767728700;202.8849523809524
132430_1767729000;138.78471428571422
132430_1767729300;105.73228571428558
122048_1767731400;-12.618666666666664
122048_1767731700;1.5339523809523807
122048_1767732000;40.57604761904761
122048_1767732300;26.456428571428564
122048_1767732600;1.6265238095238097
122048_1767732900;8.025809523809523
134040_1767733200;330.62038095238097
134040_1767733500;342.4875714285711
134040_1767733800;354.78666666666675
134040_1767734100;397.6683333333332
134040_1767734400;359.2253333333334
134040_1767734700;379.6342380952382
130072_1767736800;-2.1285238095238093
130072_1767737100;-10.238333333333335
130072_1767737400;-20.10861904761904
130072_1767737700;-7.956571428571431
130072_1767738000;-3.7005714285714295
130072_1767738300;1.7989999999999997
130072_1767742200;25.885476190476194
130072_1767742500;9.199333333333332
130072_1767742800;10.839571428571432
130072_1767743100;12.891857142857143
130072_1767743400;6.530142857142855
130072_1767743700;-1.4486666666666668
