,mean_importance,std_importance,stability_ratio
cur_dev_s,0.6164440199179232,0.280947642952296,2.194159785210938
manual_fill,0.1968974595840724,0.14550613266065665,1.3531901094637384
stop_lon,0.7086095173330571,0.2742204929981859,2.584086658086348
stop_lat,0.5640720817306538,0.1541563723803865,3.659090266700919
address_missing,0.0027829612972900646,0.004643213369657044,0.5993610620776313
schedule_pos,1.8102689189799672,0.34927295225911614,5.182963373676285
schedule_rows,0.18110257734222146,0.10833474063214164,1.671694382464961
schedule_progress,1.0479056947601697,0.1723889855242177,6.078727660978538
planned_gap_prev_s,0.11764166204454891,0.06405670907678841,1.8365236637693743
planned_gap_next_s,0.09688256461032496,0.024607871135937882,3.937055914800304
prev_segment_m,0.03768182203047563,0.022512916834024486,1.6737867556927193
next_segment_m,0.030142866495725625,0.006933030939300774,4.34771844454194
planned_speed_prev_kmh,0.17206198868703276,0.07816022011145056,2.2014010252208087
planned_speed_next_kmh,0.05715201442109417,0.014970877310166775,3.817546108568032
stop_visit_count,0.12929337306223404,0.06438663814264134,2.0080777128600977
stop_headway_prev_s,0.01879600458969341,0.0077110754531580575,2.4375334804379336
stop_headway_next_s,0.03169611833980186,0.028261096820554724,1.121545937864211
prev_stop_lon,1.00806216852058,0.23322544026362674,4.322265046972547
prev_stop_lat,0.49222976069725977,0.21323565733885322,2.308383911198998
next_stop_lon,1.3187824421485765,0.2295224864473946,5.745765752869225
next_stop_lat,0.6916443104785894,0.29881904778383195,2.314592445179786
horizon_s,0.012969869293563765,0.00471018015717322,2.753582423181442
horizon_min,0.008111021845230364,0.006092897240472195,1.331225773843929
minute_of_day,0.18870328808274786,0.08604964845030218,2.1929582686155906
target_minute_of_day,0.22786902244146673,0.13057950985213324,1.7450595633094195
time_sin,0.9542149004974444,0.2075307669144235,4.597944269566172
time_cos,1.0967426057583143,0.2793194698018972,3.9264810524387532
target_time_sin,0.9052212504962904,0.4334241989477029,2.088534172046601
target_time_cos,1.1852187015296625,0.19389920269013933,6.112550671070004
hour,0.04818587209514888,0.03350254977111333,1.4382747708133419
target_hour,0.10062194642153546,0.04428569459381499,2.2721094778383892
cur_dev_abs,0.9374244237409979,0.38620602555738875,2.4272651427062546
cur_dev_sign,0.0,0.0,0.0
cur_dev_log,0.6759453827154911,0.45212329648753175,1.495046567972276
cur_dev_sqrt,0.6599932447156549,0.2485915082675895,2.6549307710163954
cur_dev_sq,0.8087377762403015,0.24856818066291472,3.2535852902821203
cur_dev_per_min,4.925963275734519,0.7847512505769595,6.277101530079256
last_lon_any,0.11892523771436114,0.05984471805434707,1.9872303116939039
last_lat_any,0.15821767884525673,0.12214054600601727,1.2953739279679226
last_speed_kmh,0.0009951717899805614,0.0011168876259202382,0.8910223069841842
last_alt_m,0.29895305277712525,0.22738199214664778,1.3147613403923546
last_heading_deg,0.04280142508948924,0.04280412703719772,0.9999368764440385
last_receive_lag_s,0.026195839326308406,0.011896396067087348,2.2019979140220456
last_gps_event_lag_s,0.0001372231918167855,0.00015821667938753742,0.8673117871053149
packet_age_s,0.0028889603770046405,0.0017004868842781745,1.6989018862865557
event_age_s,0.01302532439679618,0.007341609961977434,1.774178206480705
receive_age_s,0.007383155937335346,0.006686068171848372,1.1042597452592235
last_valid_lon,0.9854237671019319,0.1286960335799305,7.656986308612597
last_valid_lat,1.4663654235547021,0.7037078967151821,2.083770027872962
last_valid_speed_kmh,0.0032038611700826456,0.003298190534367319,0.9713996616407827
last_valid_alt_m,0.30505786983535216,0.08004746976742558,3.81096205436441
last_valid_heading_deg,0.046259579871937406,0.019372381292973268,2.3879139673101895
valid_age_s,0.014566906655176442,0.013894406898275041,1.0484007529631574
distance_to_target_m,0.020025763966666485,0.011972431894889559,1.6726563275370845
bearing_to_target_deg,0.06535285993204754,0.008973735968531306,7.28268138865923
heading_error_deg,0.1198475880355496,0.02167365138349471,5.529644539788452
heading_error_abs_deg,0.03848493972778177,0.025193971147652795,1.5275455981396442
heading_alignment,0.04372540792532233,0.07166644353238398,0.6101238706641549
last_heading_sin,0.039466407839104406,0.022966776104522423,1.7184130527407633
last_heading_cos,0.06667326072570655,0.0356544154679873,1.8699860830336672
bearing_sin,0.28420555396773184,0.1048008151805149,2.711863962846931
bearing_cos,0.8481701423224038,0.18782147401062066,4.515831572432058
projected_speed_kmh,0.04746839697132606,0.050243549694015364,0.9447659900517613
required_speed_kmh,0.017951852123379415,0.01968039672957475,0.9121692194085737
speed_margin_kmh,0.023376372078360696,0.011847111891292578,1.9731705322686073
projected_speed_margin_kmh,0.10335625238245796,0.08033482201532122,1.286568511491313
speed_to_required_ratio,0.011012777453004337,0.008297565560591814,1.3272299412710675
eta_last_speed_s,0.013090997359951178,0.014473172334675528,0.9045008969928887
eta_projected_speed_s,0.012937438541958963,0.008282291740085426,1.5620602299942
eta_margin_last_speed_s,0.01689243125640574,0.012767445694419377,1.3230862037240776
eta_margin_projected_s,0.0904972243758678,0.05769158383547436,1.5686382372926417
distance_prev_stop_m,0.03153100555535751,0.0350410777334401,0.899829788179354
distance_next_stop_m,0.0680974515817703,0.029812722479946003,2.284174201980143
scheduled_stops_to_target,0.6761042749635512,0.240796605200043,2.8077815897739353
first_future_stop_lon,0.9579572048635304,0.3116993940096261,3.0733367573723065
first_future_stop_lat,1.1120015763519355,0.20158985605843244,5.516158392533882
scheduled_path_m,0.43588440980534926,0.2896979927175537,1.504616603363276
future_gap_mean_s,1.0720989855047485,0.30817582973633056,3.478854868074947
future_gap_max_s,0.21939738942981618,0.1142973931810476,1.9195309999797647
future_manual_fill_share,1.2542237733946084,0.14388417938607848,8.716898402155005
distance_to_first_future_stop_m,0.3012136150594979,0.11229582657021817,2.682322435807245
route_proxy_m,0.3933904256466751,0.2631215511994564,1.4950900975305317
route_proxy_required_speed_kmh,1.6033432601710154,0.8303921380557047,1.9308266380305354
straight_to_route_ratio,0.34945809608151157,0.12131229343020976,2.8806486646769405
w1m_n,0.005242641885467277,0.00186462671192019,2.81163079405678
w1m_span_s,0.040166490815630375,0.03376962803175041,1.1894265100188894
w1m_packets_per_min,0.0013933546967723706,0.0009300035574609295,1.4982251240825837
w1m_valid_share,0.0058081474890272185,0.004819187689226153,1.2052129658296533
w1m_hist_share,0.002340299702057641,0.0015744501634648521,1.4864234860384402
w1m_speed_outlier_share,0.0,0.0,0.0
w1m_alt_outlier_share,1.4397913024332836e-05,1.8683965732925094e-05,0.7706025829601095
w1m_speed_mean,0.0057848180441898945,0.007475846898209406,0.773801031800378
w1m_speed_median,0.005242430690609685,0.005168204654414343,1.0143620541647052
w1m_speed_std,0.036923895112830715,0.05836501410412922,0.632637474332175
w1m_speed_min,0.009219097844385966,0.002666769848415477,3.457027927028153
w1m_speed_max,0.013214358100490667,0.016653167346834766,0.7935041919943709
w1m_speed_q10,0.009845635044607854,0.008134554233598225,1.2103472127251902
w1m_speed_q90,0.020151801878238552,0.013717505410808723,1.469057330270186
w1m_speed_iqr,0.023820085111619035,0.026568679160865877,0.8965475839614975
w1m_stopped_share,0.004653197630151695,0.003978553843784432,1.1695701030291865
w1m_slow_share,0.0023516262181755877,0.002870782427700925,0.819158635870478
w1m_fast_share,0.024992212276658553,0.01594606869624725,1.5672961625314537
w1m_speed_first,0.006314369302909552,0.002751462796642336,2.2949135668198704
w1m_speed_last,0.0009689153751534901,0.000668234938961683,1.4499621573350359
w1m_speed_delta,0.021257126849876688,0.01764832936697907,1.204483801647842
w1m_speed_slope,0.010707313766176955,0.004992609374519805,2.1446327883527165
w1m_speed_change_abs_mean,0.06404315265673763,0.07157807656543706,0.8947314000159574
w1m_stop_transitions,0.001491455768014596,0.0008448030549931824,1.7654478844908819
w1m_valid_speed_mean,0.002399924184196781,0.003306753666268503,0.7257644281012333
w1m_valid_speed_median,0.005160647838305222,0.004379203498040976,1.1784443996346317
w1m_alt_median,0.09766393756819644,0.056858485619877115,1.7176668794769396
w1m_alt_iqr,0.016678428525069337,0.00908047391710799,1.8367354694791589
w1m_receive_lag_median,0.03469424904359697,0.01510752247795496,2.296488328375924
w1m_receive_lag_p95,0.012229661938759743,0.010807443978882657,1.131596144428271
w1m_receive_lag_max,0.01046213050750889,0.006290977043289252,1.6630374636331058
w1m_receive_lag_negative_share,0.0006235598759770325,0.0008156988540911197,0.7644486345483178
w1m_gps_event_lag_median,0.0014392815980321769,0.0007626135415533418,1.8873013888702415
w1m_gps_event_lag_abs_median,0.0021236344062818837,0.0037583407226871412,0.5650457375771083
w1m_event_gap_median,0.00577263935522804,0.00468821404045234,1.2313088319320338
w1m_event_gap_p95,0.008341036534886059,0.00456410686707995,1.8275287533736049
w1m_event_gap_max,0.017447413092634017,0.009260216669349423,1.8841257946479193
w1m_event_time_backwards_share,0.04133924346142402,0.019653415451231126,2.1034126898656207
w1m_heading_resultant,0.04831627437799717,0.036922025587912514,1.3086030250871796
w1m_valid_n,0.005503348077969814,0.0031769457733336346,1.7322763650645383
w1m_target_distance_first_m,0.03397724671729982,0.01705917431678157,1.9917286783266972
w1m_target_distance_last_m,0.01265824286866058,0.021365764670005255,0.5924544739481591
w1m_target_progress_m,0.010822847711740463,0.01006497127770045,1.0752984198418762
w1m_path_m,0.006872819777415684,0.004854585775131431,1.4157376333130862
w1m_displacement_m,0.013578648590356863,0.014523382304241045,0.9349508471905159
w1m_tortuosity,0.020868573179984883,0.017442244650239094,1.1964385087616796
w1m_step_median,0.01938994254333031,0.016745840666329236,1.1578960369042361
w1m_step_p95,0.016589066470526326,0.01425388480673169,1.1638277349854806
w1m_trajectory_speed_kmh,0.012752191456711946,0.005891717698910786,2.164426760790837
w1m_target_progress_kmh,0.008903806851513364,0.007500080273736246,1.187161540324511
w3m_n,0.00937929293594436,0.00987452557679022,0.9498474495868705
w3m_span_s,0.014068437545792878,0.008291800576367499,1.6966685841664753
w3m_packets_per_min,0.020730319370319952,0.029553031383613305,0.7014616910369855
w3m_valid_share,0.03540512943299223,0.02445642918244146,1.447681882233394
w3m_hist_share,0.007415941922439877,0.003064910341061548,2.4196276872006957
w3m_speed_outlier_share,4.514411450120263e-05,5.818809022808104e-05,0.7758308194755921
w3m_alt_outlier_share,0.0001443507029978309,0.0002353461969952829,0.6133547268977941
w3m_speed_mean,0.006027103855232164,0.0041048148023734125,1.468301042541305
w3m_speed_median,0.0038129203985277477,0.0015963064489108874,2.3885892328134117
w3m_speed_std,0.03154273946364851,0.02769938244033904,1.1387524444073374
w3m_speed_min,0.002601068052353263,0.0013421658501595213,1.9379632182611064
w3m_speed_max,0.017235722316456384,0.018704471126152707,0.9214760577451354
w3m_speed_q10,0.01709007940602475,0.015047716595103868,1.1357257625685007
w3m_speed_q90,0.027798966537832377,0.012707409037559347,2.1876187705518273
w3m_speed_iqr,0.025374298296061647,0.013679637173070346,1.854895562885136
w3m_stopped_share,0.008197450816487435,0.006120896887113955,1.3392564792924215
w3m_slow_share,0.011635779954414753,0.01006640781414378,1.1559019034486193
w3m_fast_share,0.026155029880214453,0.019902088379000166,1.3141851940773182
w3m_speed_first,0.029152423948124645,0.022242062424775028,1.3106888826254532
w3m_speed_last,0.0011980869484539175,0.0011438297749484989,1.0474346564902342
w3m_speed_delta,0.009512159828351545,0.00884648028523031,1.0752479540543796
w3m_speed_slope,0.058579341748475136,0.042674330310076516,1.3727067612182382
w3m_speed_change_abs_mean,0.040237667438174904,0.009262202183174657,4.344287312894631
w3m_stop_transitions,0.007286112474900228,0.007489910007069069,0.9727903896109185
w3m_valid_speed_mean,0.011892749193938085,0.013559436666601024,0.8770828379880022
w3m_valid_speed_median,0.014765860643629124,0.021395219515050266,0.6901476581042822
w3m_alt_median,0.08420233992865603,0.054128930561681006,1.5555884635694064
w3m_alt_iqr,0.02890985112105606,0.010772812916081393,2.6835935371361126
w3m_receive_lag_median,0.14013938538115692,0.08126793928116674,1.7244117005918567
w3m_receive_lag_p95,0.05412017781597317,0.0337243662429834,1.6047796843514734
w3m_receive_lag_max,0.026756939866836416,0.027856773199762406,0.9605182794863014
w3m_receive_lag_negative_share,0.0024009471276891115,0.001647759229373231,1.4570982722671668
w3m_gps_event_lag_median,0.0013551521550474372,0.001539379019332616,0.8803239079837709
w3m_gps_event_lag_abs_median,0.0010767896795262342,0.0016915685296567883,0.6365628468556028
w3m_event_gap_median,0.0027955660438236,0.002659465831281903,1.0511757699195252
w3m_event_gap_p95,0.014547082853069382,0.011356191946451492,1.2809824737361872
w3m_event_gap_max,0.020339717552107492,0.009865160263570477,2.061772642980278
w3m_event_time_backwards_share,0.05620429784825124,0.019722328034953284,2.8497800942055265
w3m_heading_resultant,0.21646122025624095,0.12295475198837093,1.7604949524435898
w3m_valid_n,0.05232249801539496,0.04700037650636139,1.1132357207223649
w3m_target_distance_first_m,0.08546471764522112,0.052550789424269675,1.6263260472377299
w3m_target_distance_last_m,0.010473101760690055,0.012416576486392338,0.8434774087144176
w3m_target_progress_m,0.02293824282156479,0.026626271313117966,0.8614891116730384
w3m_path_m,0.005175004372846055,0.004657915223433503,1.1110130012027946
w3m_displacement_m,0.028656073121977776,0.02744018289110812,1.0443105730982336
w3m_tortuosity,0.03346064488321242,0.03183540058461182,1.0510514794129884
w3m_step_median,0.014874354658343695,0.015958254009320064,0.9320790763654082
w3m_step_p95,0.029255060180644173,0.02589792433368479,1.1296295333392108
w3m_trajectory_speed_kmh,0.005229189546557353,0.0013483622491815407,3.8781785427864843
w3m_target_progress_kmh,0.02776420746525794,0.027112027051038164,1.0240550222219829
w5m_n,0.015000788715059827,0.005418814138955662,2.768278875714044
w5m_span_s,0.014797574245286757,0.010311886002344133,1.4350017291199613
w5m_packets_per_min,0.014699464596387726,0.012242675314502868,1.200674216833459
w5m_valid_share,0.07794344568314784,0.059936920087688014,1.3004246058658966
w5m_hist_share,0.023676278112563686,0.01051557158193783,2.2515445713840148
w5m_speed_outlier_share,2.801696252026219e-05,6.119642551536225e-05,0.4578202374811713
w5m_alt_outlier_share,0.004609491796055988,0.004462177185130726,1.033014065506664
w5m_speed_mean,0.007290305414512821,0.003461641840661893,2.106025333635565
w5m_speed_median,0.0071885853858876,0.008023999678243679,0.8958855524985735
w5m_speed_std,0.02621844036257128,0.020936983844512137,1.2522548880979927
w5m_speed_min,0.0015324195810045315,0.0008656814573436457,1.7701887527273499
w5m_speed_max,0.04229341246988108,0.03292148723631977,1.2846750259185529
w5m_speed_q10,0.014203032452102382,0.016762166939251342,0.8473267509343524
w5m_speed_q90,0.013979455685569898,0.00958835480284815,1.4579618684906657
w5m_speed_iqr,0.015507975568795084,0.014474405856520605,1.0714067106759657
w5m_stopped_share,0.009131269537677265,0.008923892318277261,1.0232384267963464
w5m_slow_share,0.011868413069555628,0.01060525293354746,1.1191070258110791
w5m_fast_share,0.02182992958985972,0.018936588734282406,1.1527910277306959
w5m_speed_first,0.023140572397616275,0.01631672202926767,1.4182120866366603
w5m_speed_last,0.00049437328206161,0.0007998830762895039,0.6180569336919226
w5m_speed_delta,0.01445859832441979,0.004971230920238717,2.908454375484339
w5m_speed_slope,0.0391135415154572,0.01803930523851159,2.168239907032927
w5m_speed_change_abs_mean,0.02195187085655462,0.006321948384753593,3.4723268076694205
w5m_stop_transitions,0.011611329162333405,0.005713252862666441,2.0323499483413223
w5m_valid_speed_mean,0.008569975200236793,0.0061373184737721215,1.3963712711771887
w5m_valid_speed_median,0.019686622123037404,0.023482005031668477,0.8383705776252546
w5m_alt_median,0.07649488649961415,0.032715660419920634,2.3381733859389886
w5m_alt_iqr,0.027806065824440052,0.004724085514348308,5.886020846595513
w5m_receive_lag_median,0.16605104191716002,0.06595228020866643,2.517745275664061
w5m_receive_lag_p95,0.08520512567329312,0.055906992792509345,1.5240513112196086
w5m_receive_lag_max,0.04089131881706504,0.028198797585771106,1.4501085974051735
w5m_receive_lag_negative_share,0.0031288651682046657,0.0029873158915476134,1.0473834307279561
w5m_gps_event_lag_median,0.002283377524106648,0.0038297221246278578,0.59622537855336
w5m_gps_event_lag_abs_median,0.0003219354813804861,0.0006153992862797234,0.5231326848029866
w5m_event_gap_median,0.009683309901328879,0.007044157707696037,1.3746583057580892
w5m_event_gap_p95,0.005752439410215593,0.003124092277388779,1.8413154598565058
w5m_event_gap_max,0.03796603614027407,0.013165981693071194,2.88364643233331
w5m_event_time_backwards_share,0.08062079304724515,0.046581496750780584,1.7307471564696644
w5m_heading_resultant,0.12079724459559753,0.04063399643108358,2.9728123050239548
w5m_valid_n,0.03500416503714088,0.017070522241589104,2.0505620472353963
w5m_target_distance_first_m,0.2794026573924765,0.23733809184685636,1.1772347844255244
w5m_target_distance_last_m,0.007520354654811792,0.00478179396863419,1.5727057047142297
w5m_target_progress_m,0.1447968141707955,0.10400521774516121,1.3922072114131014
w5m_path_m,0.006328281640823691,0.0045413809376640005,1.3934707804285995
w5m_displacement_m,0.02767816973399998,0.01849155903826002,1.4968002251857495
w5m_tortuosity,0.037779699934416947,0.04552491770816791,0.829868604612739
w5m_step_median,0.006725155365152146,0.004961959641784939,1.355342616486417
w5m_step_p95,0.015163378803100269,0.01242910145006792,1.2199899455963823
w5m_trajectory_speed_kmh,0.0067359751522639635,0.004865615833812779,1.3844034097531979
w5m_target_progress_kmh,0.25215590067888277,0.13332454491407503,1.8912939162065083
w10m_n,0.07258101666672549,0.036375038510975365,1.9953522975056213
w10m_span_s,0.029178852872220756,0.022942536522305233,1.2718233157253829
w10m_packets_per_min,0.04848544162798426,0.025604280589275604,1.8936459260018743
w10m_valid_share,0.10392045165033983,0.08217424140477594,1.2646353634976832
w10m_hist_share,0.10856376793355585,0.03081708557291413,3.5228434458270868
w10m_speed_outlier_share,2.836707789410331e-09,6.343071449424659e-09,0.44714310234756116
w10m_alt_outlier_share,0.014568721493909203,0.00783812049603651,1.8587008836388066
w10m_speed_mean,0.026825388082015927,0.031193857242813858,0.8599573907242827
w10m_speed_median,0.01960938585542617,0.009322471690669703,2.103453515761122
w10m_speed_std,0.038492345438114736,0.026906001821424188,1.4306230146031649
w10m_speed_min,0.0011144318238814886,0.000878615827411042,1.2683948864168708
w10m_speed_max,0.02724947845652149,0.01944599941824052,1.4012896878707066
w10m_speed_q10,0.0072866265041426235,0.00706154124098086,1.0318748067098484
w10m_speed_q90,0.028941244730927806,0.030743456296039775,0.9413790190439486
w10m_speed_iqr,0.0885720386757723,0.15258762170947907,0.5804667356558553
w10m_stopped_share,0.045007025879633275,0.07773100460150952,0.5790099601797792
w10m_slow_share,0.013984203938458927,0.016253056982622555,0.8604045351314622
w10m_fast_share,0.07917833520139864,0.0427568654094731,1.8518274069268947
w10m_speed_first,0.005597977686786932,0.002534041963030213,2.2091100961421124
w10m_speed_last,0.0002460191519132989,0.0002707117068463607,0.9087865237543556
w10m_speed_delta,0.022218564655370275,0.019184348787503313,1.158161004072512
w10m_speed_slope,0.05851869143341963,0.021288174882356684,2.7488825018611696
w10m_speed_change_abs_mean,0.07737220535813663,0.10389305428989021,0.7447293362028048
w10m_stop_transitions,0.09454791235103066,0.07775556805177297,1.2159632386308419
w10m_valid_speed_mean,0.018146145319269957,0.01352660232606234,1.34151539910103
w10m_valid_speed_median,0.029550105135158815,0.008068838366353456,3.6622502260943315
w10m_alt_median,0.12095247906797935,0.05935919490688853,2.0376367849272397
w10m_alt_iqr,0.03220511479093584,0.026537746578525753,1.213558758443437
w10m_receive_lag_median,0.2661017057224804,0.0800824809259232,3.322845429393019
w10m_receive_lag_p95,0.14286512655828082,0.056970022251213545,2.5077246051581077
w10m_receive_lag_max,0.11681183273089273,0.06068246690164464,1.9249684248713672
w10m_receive_lag_negative_share,0.0036285290981625086,0.003241650226547003,1.1193462722559866
w10m_gps_event_lag_median,0.002467784215325921,0.0027868077079455968,0.8855236790842738
w10m_gps_event_lag_abs_median,0.00024428978673718865,0.0005462485693532804,0.44721359468125815
w10m_event_gap_median,0.015662714360395638,0.009888060320653773,1.5840027114413937
w10m_event_gap_p95,0.023483778767759072,0.011285665577532869,2.0808501372244232
w10m_event_gap_max,0.07539487741369226,0.030016293315495702,2.511798396248293
w10m_event_time_backwards_share,0.1858021675295625,0.12644478344150986,1.469433237742389
w10m_heading_resultant,0.16694015562485456,0.09622032590371608,1.7349780730338624
w10m_valid_n,0.11477456987403953,0.04239771023350398,2.707093596310162
w10m_target_distance_first_m,0.1679819463472413,0.03394324092527246,4.948907109728032
w10m_target_distance_last_m,0.033948642119862545,0.01920944141544405,1.7672893960779696
w10m_target_progress_m,0.06004477532868126,0.024805908096543844,2.4205836405008125
w10m_path_m,0.04753054827785499,0.06290871718765881,0.7555478859203919
w10m_displacement_m,0.026586114481979145,0.018748884493286922,1.4180104683070798
w10m_tortuosity,0.02028962476307192,0.00596313117002603,3.4025118987246494
w10m_step_median,0.027105524447797274,0.009023307068663503,3.0039456973515244
w10m_step_p95,0.015956104983480202,0.011569581508488776,1.3791427953028228
w10m_trajectory_speed_kmh,0.010189988907632286,0.00829113150416804,1.229022709539783
w10m_target_progress_kmh,0.07216433518788319,0.05790935275232929,1.2461602790705404
w15m_n,0.04468594526100389,0.029695004205947746,1.5048304068112814
w15m_span_s,0.017209218788645817,0.008280545759893338,2.0782710808652327
w15m_packets_per_min,0.026719290485041836,0.014785239435352733,1.8071598096238224
w15m_valid_share,0.6262788709865246,0.35366599552916,1.7708201492419609
w15m_hist_share,0.19197530198290624,0.08099444494053502,2.3702280091120023
w15m_speed_outlier_share,4.7958705795508407e-05,9.770662626090922e-05,0.4908439390446126
w15m_alt_outlier_share,0.010116004385189692,0.006225377976073194,1.6249622789885025
w15m_speed_mean,0.03274774167095217,0.04395317326066988,0.745059781599669
w15m_speed_median,0.0369576088655621,0.05465015305566616,0.6762581035636103
w15m_speed_std,0.0485484589851186,0.03602705000035032,1.3475557666614104
w15m_speed_min,0.00027249361208076824,0.00014203366139725694,1.918514297819239
w15m_speed_max,0.08401275409893219,0.05997085142459387,1.400893135612177
w15m_speed_q10,0.0138479962392489,0.014707855421860656,0.9415374193660305
w15m_speed_q90,0.09855413751392288,0.06089772792193447,1.6183549185717119
w15m_speed_iqr,0.017673993291658495,0.008441058662214439,2.093812399229087
w15m_stopped_share,0.0534338815155039,0.02968519213452907,1.800018045076115
w15m_slow_share,0.05765261421816213,0.0480486520250758,1.1998799505733126
w15m_fast_share,0.12559519544854092,0.0784075329417289,1.6018256248449905
w15m_speed_first,0.007589223651253118,0.007887953808950006,0.962128307810314
w15m_speed_last,0.00038254981328949476,0.00048404252532380606,0.7903227350598189
w15m_speed_delta,0.014541388374243841,0.012698084679663223,1.145163915656321
w15m_speed_slope,0.12545887765167246,0.06534244717185221,1.9200211054200733
w15m_speed_change_abs_mean,0.14626849532806846,0.06458872086160047,2.2646135946742976
w15m_stop_transitions,0.1231499795536702,0.13876807677191855,0.8874518002810836
w15m_valid_speed_mean,0.05178988272168822,0.020088516947892956,2.5780839299111262
w15m_valid_speed_median,0.047418105973718545,0.02207503872660282,2.148041802274464
w15m_alt_median,0.210156703843619,0.10633651554758568,1.9763361885560127
w15m_alt_iqr,0.06329725786230336,0.030185147984413435,2.096966955169175
w15m_receive_lag_median,0.21424460481089946,0.19268490640250496,1.1118909561200707
w15m_receive_lag_p95,0.17188021151994987,0.08858532016053276,1.9402787189404664
w15m_receive_lag_max,0.21702541603597428,0.09114198308905959,2.3811794375982167
w15m_receive_lag_negative_share,0.021746530406943444,0.00638359151509737,3.406629379731718
w15m_gps_event_lag_median,0.002466593618921795,0.0023913277417783227,1.0314745130067473
w15m_gps_event_lag_abs_median,0.0,0.0,0.0
w15m_event_gap_median,0.03117918717010031,0.03210047402419492,0.9712998987375852
w15m_event_gap_p95,0.040247712440255726,0.01767869929561741,2.276621812779892
w15m_event_gap_max,0.0874137289067341,0.048333925977567936,1.8085377328027274
w15m_event_time_backwards_share,0.3132029815970997,0.1308511053254513,2.3935830027244434
w15m_heading_resultant,0.059493742889613156,0.03053203378126226,1.9485679635326603
w15m_valid_n,0.10621305686090914,0.0485105830712426,2.189482173461722
w15m_target_distance_first_m,0.11475957411451429,0.08868479866015154,1.2940162896799225
w15m_target_distance_last_m,0.010307946589712326,0.008412324563092275,1.2253386696123745
w15m_target_progress_m,0.07301689244959028,0.026574642395960555,2.7476152400809544
w15m_path_m,0.09681286302741873,0.0788577471012267,1.2276899427765293
w15m_displacement_m,0.047607430621543254,0.015626541733025273,3.046574951249944
w15m_tortuosity,0.048053989993394976,0.01802218754064789,2.6663794216071666
w15m_step_median,0.04363389949266403,0.013874609651740815,3.1448740241888182
w15m_step_p95,0.042007026935780206,0.04629182311588367,0.9074394592262084
w15m_trajectory_speed_kmh,0.03853149450630308,0.021990213401431306,1.7522110313873953
w15m_target_progress_kmh,0.03408338839629298,0.01346269654360802,2.5316910533754697
w30m_n,0.21128997540402783,0.17173111648476763,1.2303534719145592
w30m_span_s,0.03128489856360051,0.02299018631668374,1.3607936069459599
w30m_packets_per_min,0.13978393901150787,0.09837476191488842,1.4209329332967005
w30m_valid_share,2.9256610224326356,0.3477990528932211,8.411929239273807
w30m_hist_share,0.22747887562458674,0.0879440224207764,2.5866326028801154
w30m_speed_outlier_share,0.006055202390487639,0.0038289380402819393,1.5814312807371362
w30m_alt_outlier_share,0.006499553861832421,0.002956909690860093,2.19809008023636
w30m_speed_mean,0.0690499792374697,0.01575241792564952,4.383452721924853
w30m_speed_median,0.05362730592221106,0.030909355920411854,1.734986198307089
w30m_speed_std,0.16033556351530023,0.08821153055960732,1.81762591008597
w30m_speed_min,0.0,0.0,0.0
w30m_speed_max,0.17669829001390674,0.05542091202241447,3.1882963228619277
w30m_speed_q10,0.01652793404763742,0.005910147120863773,2.7965351296407848
w30m_speed_q90,0.03297816301960441,0.023053250696731014,1.4305211638916608
w30m_speed_iqr,0.10453710866180735,0.07115718895366732,1.4691011575570478
w30m_stopped_share,0.07611617684326565,0.041132782305020564,1.8504991049954964
w30m_slow_share,0.0739498522009356,0.0284834045358909,2.5962434408133284
w30m_fast_share,0.06479957165604959,0.03295308912950277,1.9664187293466329
w30m_speed_first,0.008104916340179232,0.006521760867566316,1.2427496965188394
w30m_speed_last,0.001548529118863971,0.0034626163749176915,0.4472135953708031
w30m_speed_delta,0.017524650936664617,0.010780785192524124,1.6255449507695825
w30m_speed_slope,0.1481754954725675,0.05713674468562811,2.5933485760389403
w30m_speed_change_abs_mean,0.17433908973248252,0.08602019153472384,2.026722873083585
w30m_stop_transitions,0.1643423256831409,0.059866696649810834,2.7451376955323465
w30m_valid_speed_mean,0.07905794536878484,0.04014761460289161,1.969181635043432
w30m_valid_speed_median,0.06754322898307549,0.031489569000268024,2.1449397729246678
w30m_alt_median,0.5168527267320451,0.19581913691923572,2.639439305375848
w30m_alt_iqr,0.2641892429463454,0.12346350004039604,2.139816568117423
w30m_receive_lag_median,0.32321194431036726,0.1404821315356365,2.3007334867073572
w30m_receive_lag_p95,0.3102666632868532,0.17812905265837276,1.7418083050167037
w30m_receive_lag_max,0.7658999787543568,0.17987495793103306,4.257957792233409
w30m_receive_lag_negative_share,0.15064960634537872,0.05805680119381763,2.594865773604252
w30m_gps_event_lag_median,0.0014509146782062494,0.0032443438500214064,0.44721359536211386
w30m_gps_event_lag_abs_median,0.002719126997524137,0.0037256586918854233,0.7298379217389465
w30m_event_gap_median,0.1107225162400447,0.06602286526668487,1.6770328853667342
w30m_event_gap_p95,0.14833812785056782,0.07281407628477209,2.0372177388941646
w30m_event_gap_max,0.8661795571500865,0.20248914559697154,4.2776592028781
w30m_event_time_backwards_share,0.2576489501777151,0.06179723150133864,4.169263637125309
w30m_heading_resultant,0.23013406941604067,0.09870511201742604,2.331531414229891
w30m_valid_n,0.35211355163900393,0.2767112095674251,1.2724947145732937
w30m_target_distance_first_m,0.27215254802599137,0.08111710584109828,3.355057422237927
w30m_target_distance_last_m,0.19243784408695552,0.15840666023595817,1.2148342992592016
w30m_target_progress_m,0.08064829222568608,0.04706902691055302,1.7134047061825082
w30m_path_m,0.05589020560963737,0.05128808721025363,1.0897307474039302
w30m_displacement_m,0.2702199762895371,0.1625911321147088,1.6619601129121462
w30m_tortuosity,0.22902996826685235,0.09136235429800994,2.5068308497971166
w30m_step_median,0.04417374814177918,0.03932649831425765,1.123256583580464
w30m_step_p95,0.125075740015025,0.0322403676152078,3.879476236249466
w30m_trajectory_speed_kmh,0.047371752772591966,0.06408943751720428,0.7391507026276561
w30m_target_progress_kmh,0.05894304701379619,0.051187567869814675,1.151510991156183
snapshot_vehicle_n,0.042843635636089235,0.04914733077866504,0.8717388097466325
city_speed_mean,0.07319646622164817,0.023355815930434967,3.133971702659802
city_speed_median,0.01868358883981568,0.014218083416309741,1.3140722480970557
city_slow_share,0.035070858726122485,0.03148871175768433,1.1137597179233676
local_vehicles_300m,0.0006286492000991471,0.0008974776540086741,0.7004622305533292
local_speed_mean_300m,0.007737539126252015,0.005741730647681966,1.3475970225158844
local_speed_median_300m,0.004782438935735841,0.004338669834421158,1.1022822932253857
local_slow_share_300m,0.002447405986737739,0.00493197175242597,0.4962327663449533
target_area_vehicles_300m,0.0008206631662658719,0.0008565532197813687,0.9580994459599871
target_area_speed_mean_300m,0.03009495788541604,0.0224748623896039,1.339049706395439
target_area_speed_median_300m,0.018584963058569142,0.008737773705589737,2.1269677703547054
target_area_slow_share_300m,0.0015870466323972404,0.001225187769271919,1.2953497177375597
local_vehicles_500m,0.0,0.0,0.0
local_speed_mean_500m,0.0023547675652130532,0.0016872362139144855,1.3956359781741647
local_speed_median_500m,0.0011551855041061119,0.0019155474315146759,0.6030576348556492
local_slow_share_500m,0.000352339868244297,0.0007878558965775676,0.4472135949323242
target_area_vehicles_500m,0.0005254907391081768,0.00057781875521012,0.9094387010813568
target_area_speed_mean_500m,0.012181341923971533,0.007390022979477621,1.6483496676737324
target_area_speed_median_500m,0.00586419767940285,0.004869408364967526,1.2042936715655113
target_area_slow_share_500m,0.00037629690280495273,0.0006656114088880744,0.5653402228610065
local_vehicles_1000m,8.481913453468374e-05,0.00012206625439789001,0.6948614443705619
local_speed_mean_1000m,0.003415454492603699,0.001975452159120945,1.7289482183130123
local_speed_median_1000m,0.004732085837168963,0.006549918503137603,0.7224648419945515
local_slow_share_1000m,0.002087093364487416,0.003924296154682862,0.5318389035101361
target_area_vehicles_1000m,0.0011255477271872544,0.0017789282248155483,0.6327111520596892
target_area_speed_mean_1000m,0.002965310988199954,0.003339363149885635,0.8879869766226298
target_area_speed_median_1000m,0.0050210928900005945,0.00542996017386948,0.924701605223336
target_area_slow_share_1000m,0.0007135846194091719,0.0015956237166972244,0.4472135952196828
local_vehicles_2000m,0.0033509290225216407,0.004502379721364639,0.7442573103900132
local_speed_mean_2000m,0.0071371928825976596,0.00398792409261022,1.7897012869511373
local_speed_median_2000m,0.010409725395955815,0.00809873297840552,1.2853523412152217
local_slow_share_2000m,0.0015453909836807694,0.002052470676124639,0.7529418085747022
target_area_vehicles_2000m,0.005125864446476379,0.005697010275543744,0.899746392872251
target_area_speed_mean_2000m,0.005978346620861556,0.005251948872271245,1.1383101330797731
target_area_speed_median_2000m,0.006013056363780537,0.0021422143070522247,2.80693502101002
target_area_slow_share_2000m,0.0006759084227415194,0.001198788717846522,0.5638261456046071
valid_age_gt_30s,0.003226997223162291,0.0061930661840430955,0.5210661612103916
valid_age_gt_90s,0.00232684644328731,0.004266665510458519,0.5453547828013121
valid_age_gt_5m,0.0,0.0,0.0
packet_age_gt_30s,5.620130398740063e-05,5.5859490355856636e-05,1.0061191504477986
speed_mean_1m_minus_5m,0.018874463254839567,0.015069840874933226,1.2524659955091086
slow_share_1m_minus_5m,0.04260954548635355,0.006808243530239678,6.258522523590603
valid_share_1m_minus_5m,0.016997098809507134,0.011874328379534635,1.4314155937754054
progress_1m_minus_5m,0.008184129963931221,0.010770879881642232,0.759838569653007
speed_mean_3m_minus_15m,0.07270424842528848,0.05562100386861009,1.3071365737253846
slow_share_3m_minus_15m,0.0605529628658503,0.021844256555917076,2.7720312983906954
valid_share_3m_minus_15m,0.05867968889946703,0.02490220748757833,2.356405106911952
progress_3m_minus_15m,0.01506845229855735,0.008785918147932068,1.715068595350951
speed_mean_5m_minus_15m,0.04632604297538752,0.02556663034475335,1.8119729643246605
slow_share_5m_minus_15m,0.0895213718526516,0.044464109830447025,2.013340021694037
valid_share_5m_minus_15m,0.06003319431454013,0.01970283660605774,3.046931541473357
progress_5m_minus_15m,0.05968909167181476,0.035030046813878064,1.703939820213527
speed_mean_5m_minus_30m,0.04899074069085204,0.02270264728811245,2.1579307499679397
slow_share_5m_minus_30m,0.07580370000862849,0.02936060557620633,2.5818166389414516
valid_share_5m_minus_30m,0.06329708865581449,0.028484885520029157,2.2221289465630814
progress_5m_minus_30m,0.1820172028118477,0.16851709053844777,1.0801112351820465
speed_mean_10m_minus_30m,0.06789629508003191,0.03933678555888319,1.7260255029397864
slow_share_10m_minus_30m,0.0680549427644875,0.03054981616822121,2.2276711056956384
valid_share_10m_minus_30m,0.18964742239845028,0.12135813153944827,1.5627088188585154
progress_10m_minus_30m,0.2725841826127622,0.14397697612394778,1.8932484203321855
speed_recent_vs_required,0.02483434893260914,0.01592771543328182,1.5591908980968634
progress_recent_vs_required,0.11352278160186513,0.11535762247999715,0.9840943247644145
speed_15m_vs_required,0.06812140620526141,0.02229402028370755,3.055590931348927
cur_dev_x_horizon,0.6316486817771684,0.5632019097554207,1.121531498446712
cur_dev_x_required_speed,0.9001792422931993,0.3907448498935256,2.303752032908908
cur_dev_x_distance_km,0.5580817604628183,0.38119944548791884,1.4640151423804768
cur_dev_per_stop,0.686269176848002,0.143885762945227,4.769541911554339
cur_dev_per_km,0.47982446134780943,0.37669916340694204,1.2737603582840693
planned_seconds_per_stop,2.881510927159286,0.4447925857789176,6.478324997496814
route_m_per_stop,0.3678688146699436,0.19088843536623004,1.927140394661624
scheduled_stops_per_min,2.9872003478102185,0.5623525161767889,5.311971160214048
cur_dev_plus_eta_margin,0.0427871089231161,0.03312214136742001,1.291797787081214
route_speed_margin_kmh,0.048219108878473665,0.030811458588745896,1.564973262723793
planned_vs_straight_distance_m,0.5835854323428015,0.11673422519567399,4.999265908173681
route_straightness,0.20544906104002938,0.08490061301648068,2.419877239257722
required_vs_w5_speed_ratio,0.032403743283398574,0.04156926243839972,0.7795121053840497
route_required_vs_w5_speed_ratio,0.19048509571730762,0.16879657847543225,1.1284890809792307
cur_dev_x_w5_speed,1.185221317278844,0.31619462027628537,3.7483917855385074
cur_dev_x_w15_valid_share,1.4286234445740402,0.6258733879600297,2.282607747915612
cur_dev_x_route_speed_margin,0.5313328283668197,0.14045582021179928,3.7829178425060457
cur_dev_x_hour_sin,1.7152614450157493,0.5155834489546967,3.326835740150261
cur_dev_x_hour_cos,0.7952617938243902,0.3499282582645866,2.272642391803656
distance_x_valid_age,0.012076121354786421,0.0018960342642405004,6.36914721224969
w1m_progress_fraction,0.013053434222410138,0.007296956598829945,1.7888874688818002
w1m_path_to_route_ratio,0.013643712981707277,0.009543356214868133,1.4296556340442694
w3m_progress_fraction,0.032655732930579315,0.029383804741717527,1.111351413355437
w3m_path_to_route_ratio,0.015181164904126118,0.00987201406134451,1.5377981441530417
w5m_progress_fraction,0.06958598606623796,0.058424394860408714,1.1910433344034832
w5m_path_to_route_ratio,0.03837852356389708,0.03863994475477139,0.9932344315312392
w10m_progress_fraction,0.06081976346493263,0.050993346836038955,1.192699974357366
w10m_path_to_route_ratio,0.09645383263425641,0.0762734385787612,1.26457957619666
w15m_progress_fraction,0.13549489468420925,0.06065239879630359,2.2339577225465472
w15m_path_to_route_ratio,0.05084906655771543,0.024359723459841005,2.087423801811907
w30m_progress_fraction,0.027357829973691745,0.014100675699602262,1.940178652043125
w30m_path_to_route_ratio,0.4693509070343752,0.20361258617645606,2.3051173596180257
same_grid_4,0.0,0.0,0.0
same_grid_2,0.008312316484792415,0.007275316330930025,1.1425367785468223
same_grid_3,0.0015875875293180814,0.0017133390478091405,0.9266044163421928
distance_to_target_m_sqrt,0.029072669416233564,0.026086927538389728,1.114453565769121
required_speed_kmh_sqrt,0.012820194878366498,0.0059655494259894205,2.1490384138576064
valid_age_s_sqrt,0.0014870819240526572,0.0017990274953792772,0.8266032214880308
packet_age_s_sqrt,0.00033443911235025135,0.000395644998252796,0.8453009970601515
route_proxy_m_sqrt,0.23179445474491164,0.23298286130426946,0.9948991674593579
last_valid_speed_kmh_sq,0.003104913346686613,0.003252291423646615,0.9546848487060118
required_speed_kmh_sq,0.017888025109458156,0.008451961843178363,2.1164346738951823
w5m_speed_mean_sq,0.008257132752349313,0.00854673919282983,0.9661149784833035
w15m_speed_mean_sq,0.021761847343482143,0.020769912972084876,1.0477582343114624
planned_gap_prev_s_log1p,0.13127410523759386,0.033717946432660684,3.8933007232772248
planned_gap_next_s_log1p,0.11388039816708881,0.020304438606446637,5.608645497114275
prev_segment_m_log1p,0.025030233687678573,0.029067697894035786,0.8611013427366487
next_segment_m_log1p,0.01455616399470081,0.012411794283614469,1.172768711832783
cur_dev_abs_log1p,0.6114003852587049,0.42176685931992874,1.4496169429791097
last_speed_kmh_log1p,0.0007882955028972759,0.0011059657686261753,0.7127666375820344
last_alt_m_log1p,0.18721067097207392,0.13475587935842478,1.389257907424879
last_receive_lag_s_signed_log1p,0.01339394411053453,0.013024619829475342,1.0283558587403092
packet_age_s_log1p,0.0,0.0,0.0
event_age_s_log1p,0.013804270709184779,0.006752975384717254,2.0441760736135994
receive_age_s_log1p,0.0032086667187499586,0.00431857561937726,0.742991903073277
last_valid_speed_kmh_log1p,0.0009714672293399034,0.0014036089073463354,0.692121020010082
last_valid_alt_m_log1p,0.2551721079569875,0.10973352195708276,2.3253797326806023
valid_age_s_log1p,0.003405478553653231,0.005258117007717443,0.6476612346220674
distance_to_target_m_log1p,0.01343795052991261,0.013986748916145831,0.9607629771232633
required_speed_kmh_log1p,0.01116785393074849,0.016001019326128754,0.6979464059401562
eta_last_speed_s_log1p,0.005467903412677262,0.006821728335142664,0.8015422402131421
eta_projected_speed_s_log1p,0.004796198830057831,0.002170168614283032,2.2100581476855954
distance_prev_stop_m_log1p,0.034114544012689506,0.03242082725643179,1.0522416267114056
distance_next_stop_m_log1p,0.0954072297943152,0.0835423551497703,1.1420222666949256
future_gap_mean_s_log1p,1.2800975450603358,0.08947405369113426,14.306913482035185
future_gap_max_s_log1p,0.28704307812436486,0.13004732309826486,2.2072201971067518
distance_to_first_future_stop_m_log1p,0.18720399925431022,0.16626862150764332,1.125912980788011
route_proxy_m_log1p,0.22934783660166844,0.3671982461994576,0.6245885947844776
route_proxy_required_speed_kmh_log1p,1.4040697165913953,0.4828494397684047,2.907883081032339
w1m_packets_per_min_log1p,0.0008427622474658338,0.0009890926581093893,0.852055911753186
w1m_speed_mean_log1p,0.001545809910959461,0.0019353547082167975,0.7987217555509615
w1m_speed_median_log1p,0.0010879519357373667,0.001751417132585435,0.6211837916134534
w1m_speed_min_log1p,0.004327764276468997,0.0036803826957417644,1.175900614982338
w1m_speed_q10_log1p,0.002323716840819267,0.0024529594835821567,0.9473115456756493
w1m_speed_q90_log1p,0.013307319654174898,0.012293057690714626,1.0825068903031239
w1m_speed_first_log1p,0.002460024494686997,0.0024300321782190913,1.0123423532101308
w1m_speed_last_log1p,0.0011112411633395882,0.0015192132139968716,0.7314583314376162
w1m_speed_change_abs_mean_log1p,0.030544332505849654,0.045260315961859296,0.6748590206686669
w1m_valid_speed_mean_log1p,0.0056213949293541735,0.0012001868913550035,4.6837663076988685
w1m_valid_speed_median_log1p,0.004181577026554419,0.004432186658425111,0.943456886605223
w1m_alt_median_log1p,0.11142709391608788,0.10063831526867893,1.1072034902164092
w1m_alt_iqr_log1p,0.004021084910526171,0.004626945009143116,0.8690582882898352
w1m_receive_lag_median_signed_log1p,0.06708645637946245,0.04737134237960727,1.41618229520399
w1m_receive_lag_p95_signed_log1p,0.010803297576441087,0.010045151919339981,1.075473786968415
w1m_receive_lag_max_signed_log1p,0.005780894836094286,0.005608817388561249,1.0306798090544533
w1m_event_gap_median_signed_log1p,0.0024028466480793906,0.0022260098286054817,1.0794411669355701
w1m_event_gap_p95_signed_log1p,0.0031386352154758614,0.002831393699760105,1.1085124667167534
w1m_event_gap_max_signed_log1p,0.019760719267381155,0.00976353585218272,2.0239306296949326
w1m_target_distance_first_m_log1p,0.06373418671904194,0.028198098653569256,2.2602299360604006
w1m_target_distance_last_m_log1p,0.010914584494240112,0.007228493168010465,1.5099391033573113
w1m_path_m_log1p,0.0030352905689878936,0.002567310404312815,1.1822842156938391
w1m_step_median_log1p,0.00901782473925932,0.011089423528527455,0.8131914806254665
w1m_step_p95_log1p,0.008689248115906188,0.00569279964070766,1.5263576206415879
w1m_trajectory_speed_kmh_log1p,0.009190883850998283,0.010737855332358692,0.8559329182286037
w3m_speed_mean_log1p,0.003974901702848142,0.0034841278926656255,1.1408598720141059
w3m_speed_median_log1p,0.002080368359832715,0.0022225433247984147,0.9360305086900271
w3m_speed_min_log1p,0.0011393683183249978,0.0011515640646083535,0.9894094061741039
w3m_speed_q10_log1p,0.010590261440395647,0.008406186712151428,1.259817536984665
w3m_speed_first_log1p,0.014193488342822497,0.010473304787574229,1.3552062724563094
w3m_speed_last_log1p,0.0,0.0,0.0
w3m_speed_change_abs_mean_log1p,0.04050623118458611,0.042943886534845675,0.9432362660229918
w3m_valid_speed_mean_log1p,0.0022165233151610225,0.0022420155946243974,0.9886297488237251
w3m_valid_speed_median_log1p,0.007447434452443452,0.009472204529778159,0.7862408828107971
w3m_alt_median_log1p,0.11811191655588589,0.06310509017017676,1.8716701970554108
w3m_alt_iqr_log1p,0.0365261243452933,0.02387187727775246,1.5300901524742654
w3m_receive_lag_median_signed_log1p,0.07321517002462943,0.03833170953264479,1.9100418665221932
w3m_receive_lag_p95_signed_log1p,0.039470015045004206,0.02905888491104476,1.358277000802742
w3m_receive_lag_max_signed_log1p,0.018800517478803295,0.030268812082815604,0.6211184445145675
w3m_event_gap_median_log1p,0.0023817418754361963,0.0023432838880529335,1.016412004777964
w3m_event_gap_p95_log1p,0.009944314096480717,0.006362385892591535,1.5629850598180552
w3m_event_gap_max_log1p,0.013346000136376107,0.006668365261725878,2.0013900874590904
w3m_target_distance_first_m_log1p,0.0635848062718837,0.03389392345168461,1.8759942725617795
w3m_target_distance_last_m_log1p,0.013048369898750295,0.008606960970320255,1.516025219845833
w3m_path_m_log1p,0.011476249862464436,0.016114960073463656,0.7121488237907653
w3m_step_median_log1p,0.00809963649047273,0.008877197236040515,0.9124092068920834
w3m_step_p95_log1p,0.017028493285375382,0.015349163035224052,1.1094085876336128
w3m_trajectory_speed_kmh_log1p,0.00489279413845853,0.0061407379230833375,0.7967762505006928
w5m_speed_mean_log1p,8.277538961668244e-05,0.00012567414899831766,0.6586508810108564
w5m_speed_median_log1p,0.004567273473744272,0.005321066615496152,0.8583379617133525
w5m_speed_min_log1p,0.0013941416057055719,0.0010537932235104945,1.322974539291781
w5m_speed_q10_log1p,0.004476139316344637,0.0028877619305282876,1.5500375108746356
w5m_speed_first_log1p,0.007435139464415233,0.009409255055451206,0.7901942735963488
w5m_speed_last_log1p,0.00040596692111076195,0.00033123091018545566,1.2256311455287507
w5m_speed_change_abs_mean_log1p,0.02624830600467636,0.03200495273189721,0.8201326283383722
w5m_valid_speed_mean_log1p,0.006769365967795582,0.007159139274284648,0.9455558423294441
w5m_valid_speed_median_log1p,0.006199397082988973,0.010304115446065472,0.601642820758041
w5m_alt_median_log1p,0.09700481000713823,0.1027609405688814,0.9439852289126452
w5m_alt_iqr_log1p,0.027164960163818336,0.01788201287566729,1.519122055843253
w5m_receive_lag_p95_signed_log1p,0.04975950131192891,0.02733951276880142,1.8200580870223877
w5m_receive_lag_max_signed_log1p,0.027441787211324797,0.017388499429870724,1.5781572941599515
w5m_event_gap_median_log1p,0.0026359115175840736,0.005714616751504029,0.4612577941345009
w5m_event_gap_p95_log1p,0.002846231871474264,0.0015952774554001208,1.7841610310829743
w5m_event_gap_max_log1p,0.041587505379129766,0.026141129621449898,1.5908840199244711
w5m_target_distance_first_m_log1p,0.1368352492974852,0.07375300342655666,1.8553176540381924
w5m_target_distance_last_m_log1p,0.024070038053220423,0.024925393910475362,0.9656833564479339
w5m_path_m_log1p,0.0036335036611464984,0.002181897965692932,1.6652949480739205
w5m_step_median_log1p,0.0038461448231313805,0.003432529623999747,1.1204986535641812
w5m_step_p95_log1p,0.005032585197836453,0.0018881727083007902,2.6653203772339613
w5m_trajectory_speed_kmh_log1p,0.01556870771281627,0.02880542182018232,0.5404783797114086
w10m_speed_mean_log1p,0.019085010836311356,0.032263470358727994,0.5915362056071224
w10m_speed_median_log1p,0.014701378308763205,0.006527560108131705,2.25220113840036
w10m_speed_min_log1p,0.0011112231008239249,0.0011275435637912985,0.9855256466561498
w10m_speed_q10_log1p,0.002822235576218845,0.0030213438663562464,0.9340994273148967
w10m_speed_iqr_log1p,0.007114247421728423,0.006084344006221527,1.1692710690395711
w10m_speed_first_log1p,0.0019054967254462953,0.0020731812090300943,0.9191173044726925
w10m_speed_last_log1p,9.362043861618443e-07,2.093416648291347e-06,0.4472133818714946
w10m_speed_change_abs_mean_log1p,0.05818452959684687,0.06696359827027609,0.8688978952584901
w10m_valid_speed_mean_log1p,0.004518768871675469,0.0017663724647324426,2.5582197182867206
w10m_valid_speed_median_log1p,0.025932671529848145,0.03963523697071136,0.6542832467068868
w10m_alt_median_log1p,0.19028650100707714,0.1047000733748586,1.8174438171019733
w10m_alt_iqr_log1p,0.008772897017737966,0.014857013571483939,0.5904885914613341
w10m_receive_lag_median_signed_log1p,0.2390078946357186,0.09561960188878771,2.499570066305044
w10m_receive_lag_p95_signed_log1p,0.17103184494719748,0.09734222221086973,1.757016031285365
w10m_receive_lag_max_signed_log1p,0.07629504207827825,0.034662872210020644,2.201059439443139
w10m_event_gap_median_log1p,0.008327357843520601,0.011206084278666918,0.7431104064271876
w10m_event_gap_p95_log1p,0.014533321926267032,0.008091945000113477,1.7960233200135691
w10m_event_gap_max_log1p,0.13572244293461638,0.1742891179822466,0.7787201203672542
w10m_target_distance_first_m_log1p,0.27896988140856677,0.1822689288744932,1.530539972608987
w10m_target_distance_last_m_log1p,0.05080842218099988,0.041274393380073555,1.2309913730748656
w10m_path_m_log1p,0.02426207814102286,0.019184046765705363,1.2647007399466212
w10m_step_median_log1p,0.009122548869549935,0.004758051426793319,1.9172867313417785
w10m_step_p95_log1p,0.010537553202099755,0.01099935536923459,0.9580155243111319
w10m_trajectory_speed_kmh_log1p,0.017221676161278565,0.010852771423884829,1.5868459296756379
w15m_speed_mean_log1p,0.04866040807032761,0.05190541362489333,0.9374823293201361
w15m_speed_median_log1p,0.023307322640821623,0.01082063095960456,2.153970755095359
w15m_speed_q10_log1p,0.007239327788607872,0.007195618168473043,1.0060744772867833
w15m_speed_iqr_log1p,0.011718404278319872,0.008432813621256715,1.3896197406037174
w15m_speed_first_log1p,0.005437656065067473,0.005968761307241836,0.9110191854311551
w15m_speed_last_log1p,0.0008084151123830622,0.0018076711453266592,0.44721359525256027
w15m_speed_change_abs_mean_log1p,0.07007269015849753,0.018715002807816024,3.7441987518959166
w15m_valid_speed_mean_log1p,0.07339039507418861,0.10189831746119131,0.7202316672345411
w15m_valid_speed_median_log1p,0.02180757435525011,0.021037438615703917,1.0366078662225875
w15m_alt_median_log1p,0.2448989251709472,0.14810167723847306,1.6535864396387474
w15m_alt_iqr_log1p,0.017932077678782504,0.014750029250415398,1.2157316689430808
w15m_receive_lag_median_signed_log1p,0.20845358956360843,0.14902824273050658,1.3987522481840184
w15m_receive_lag_p95_signed_log1p,0.10017693190385171,0.10034859657772509,0.9982893166349496
w15m_receive_lag_max_signed_log1p,0.1697116993893221,0.06676122479422988,2.5420698902673227
w15m_event_gap_median_log1p,0.011484853632130157,0.007955860537784142,1.4435715126154454
w15m_event_gap_p95_log1p,0.03766764823735772,0.023451192852513472,1.6062145952509335
w15m_event_gap_max_log1p,0.08057032216290985,0.03971877092423087,2.0285200243124475
w15m_target_distance_first_m_log1p,0.08420266048387456,0.03551471540034376,2.37092313798152
w15m_target_distance_last_m_log1p,0.00956939136499647,0.0043811090494734395,2.184239482457613
w15m_path_m_log1p,0.022015311037082968,0.01970189485030738,1.1174209995147788
w15m_step_median_log1p,0.040968426123150194,0.016820576080446376,2.435613734320292
w15m_step_p95_log1p,0.04114079469432967,0.031617541852284194,1.3012015572000033
w15m_trajectory_speed_kmh_log1p,0.03880815290343485,0.023338950609772573,1.6628062482604575
w30m_speed_mean_log1p,0.03804070734902466,0.04735208289900049,0.8033586913031923
w30m_speed_median_log1p,0.06437572739837316,0.06524086024645251,0.9867394015683119
w30m_speed_std_log1p,0.17562671837941557,0.08562249031292976,2.051175079532149
w30m_speed_q10_log1p,0.009062932966592809,0.005567262404903671,1.6278975743953141
w30m_speed_q90_log1p,0.027098193274016313,0.023500649579856932,1.153082734193435
w30m_speed_iqr_log1p,0.10566209475206578,0.06716189206482158,1.5732447598187425
w30m_speed_first_log1p,0.009856340981585821,0.01072085767990877,0.9193612372205591
w30m_speed_last_log1p,0.00014053310699131306,0.00031424158032182693,0.4472135940768058
w30m_valid_speed_mean_log1p,0.0682030745573628,0.07448517039562802,0.9156597775662789
w30m_valid_speed_median_log1p,0.03721248843172988,0.06003032172364006,0.6198948691700187
w30m_alt_median_log1p,0.40480937560858027,0.15160677848791465,2.670127151591573
w30m_alt_iqr_log1p,0.31495783277178585,0.051446461652986136,6.122050431574871
w30m_receive_lag_median_signed_log1p,0.35614008515846723,0.13651798377695357,2.608741173160958
w30m_receive_lag_p95_log1p,0.2563572808521774,0.08579306513099051,2.9880886113321403
w30m_receive_lag_max_log1p,0.7728585388249364,0.14357759284511037,5.38286318571522
w30m_event_gap_p95_log1p,0.15493403367552103,0.07576207054232363,2.0450079118009827
w30m_event_gap_max_log1p,0.6466291747818502,0.11197368164109218,5.774831775637311
w30m_target_distance_first_m_log1p,0.2784073022867311,0.19244933270572795,1.4466524688396496
w30m_target_distance_last_m_log1p,0.04988325960965571,0.0811044945509175,0.6150492631172725
w30m_path_m_log1p,0.028257555373622557,0.0321807653883864,0.8780883559389249
w30m_step_median_log1p,0.022020535018089826,0.013209747257597089,1.6669913955968045
w30m_step_p95_log1p,0.13125922430393425,0.04471615176721253,2.935387306678809
w30m_trajectory_speed_kmh_log1p,0.1016882712501515,0.07991340671072367,1.272480744275833
city_speed_median_log1p,0.007628420635229017,0.005281643635958156,1.4443270238547246
local_speed_mean_300m_log1p,0.0031918169202051656,0.005268774941386012,0.605798682826206
local_speed_median_300m_log1p,0.009666135190544944,0.013143519574422939,0.7354297404950532
target_area_speed_mean_300m_log1p,0.006793063924501489,0.0048245259889177034,1.4080272214716298
target_area_speed_median_300m_log1p,0.014890284952901928,0.007154031564733535,2.0813837367203676
local_speed_mean_500m_log1p,0.0007448302958824753,0.0009894838042078336,0.7527463228425749
local_speed_median_500m_log1p,0.001329090988900467,0.0026699385691877396,0.49779834028428993
target_area_speed_mean_500m_log1p,0.010479715342372877,0.006145850549479464,1.7051692448908164
target_area_speed_median_500m_log1p,0.0010848088445872316,0.0008249191918932035,1.3150486180137575
local_speed_mean_1000m_log1p,0.0022563759954554855,0.0021421081818383354,1.0533436236006264
local_speed_median_1000m_log1p,0.0028093873521906087,0.0046655420295455986,0.6021566912906093
target_area_speed_mean_1000m_log1p,0.0006059769073230334,0.0007975554586413328,0.7597928144025823
target_area_speed_median_1000m_log1p,0.000635099927004277,0.001420126609286718,0.44721359518504683
local_speed_mean_2000m_log1p,0.002928964666131531,0.0025486437904094703,1.1492248057590397
local_speed_median_2000m_log1p,0.005447551758015182,0.005757256866357829,0.9462061331502167
target_area_speed_mean_2000m_log1p,0.0033193392763265503,0.0033154461925657725,1.0011742258910228
target_area_speed_median_2000m_log1p,0.008983857882674565,0.010201248706962322,0.8806625678739158
speed_recent_vs_required_signed_log1p,0.009666959284720238,0.007919856309264926,1.2205978121333958
speed_15m_vs_required_signed_log1p,0.037672654443207484,0.026844074206792103,1.4033881053820116
cur_dev_x_required_speed_signed_log1p,1.2118526617453285,0.41738103980748154,2.9034684045576107
cur_dev_x_distance_km_signed_log1p,0.5341540165318077,0.6592866344596096,0.8101999776907686
planned_vs_straight_distance_m_log1p,0.6197678569562534,0.21592651958803033,2.8702720635512864
cur_dev_x_w5_speed_signed_log1p,1.4935908070187542,0.3082642201687307,4.845164340501085
distance_x_valid_age_log1p,0.014817252594059666,0.009055423529332807,1.636284878827208
stop_key,0.689726344407515,0.6749293991082017,1.0219236935268237
target_address,0.03703855232795638,0.026378548103383255,1.4041164123738024
target_grid_4,0.865145674860797,0.8314099115975779,1.0405765709448354
target_grid_3,0.16800131403035537,0.1748096309915165,0.9610529641673313
target_grid_2,0.21400734118254067,0.025059927530774035,8.539822827148884
last_location_valid,0.02697463959573067,0.008709124925318596,3.09728472423383
last_is_hist,0.01793008646231989,0.008850281279823687,2.025934079764203
last_speed_outlier,0.009785089503085214,0.011596480682192697,0.8437981979539004
last_alt_outlier,0.02534159974085638,0.02379275783935726,1.0650971993617309
current_grid_4,0.0,0.0,0.0
current_grid_3,0.039197947523097146,0.04668550278235279,0.839617122792869
current_grid_2,3.478801934522623,0.6375197340163271,5.456775294783382
