epoch,train_loss,train_mae,valid_mae,learning_rate,fold
1,0.3809257947481596,77.28162,55.74702905483,0.0011759850889109282,0
2,0.3121135844634129,66.88925,55.147139536976304,0.0011759850889109282,0
3,0.2821362715501052,62.574562,52.95742377088817,0.0011759850889109282,0
4,0.25932478996423575,58.90933,51.011630119683915,0.0011759850889109282,0
5,0.23956572459294245,56.15768,52.03123521600158,0.0011759850889109282,0
6,0.2227886594258822,53.479935,49.58474340152331,0.0011759850889109282,0
7,0.20956031531095504,51.09041,50.3089249819645,0.0011759850889109282,0
8,0.19806839743485818,49.446663,47.89856663486988,0.0011759850889109282,0
9,0.18075388005146614,46.723976,45.92046757317408,0.0011759850889109282,0
10,0.17434697174108946,45.664883,45.045096900841706,0.0011759850889109282,0
11,0.15811166545519462,43.13327,44.750185315701074,0.0011759850889109282,0
12,0.15343956580528847,42.404114,43.692663495632715,0.0011759850889109282,0
13,0.1455913490973986,41.389645,45.65048407689696,0.0011759850889109282,0
14,0.14273802660978757,40.78804,40.74174213818726,0.0011759850889109282,0
15,0.13155790051588645,38.699795,41.83000632519374,0.0011759850889109282,0
16,0.12465497759672312,37.74867,40.947977540830685,0.0011759850889109282,0
17,0.12130930481048731,37.13401,42.464722686571115,0.0011759850889109282,0
18,0.10915709040485895,35.077393,38.51326463560178,0.0011759850889109282,0
19,0.10593016800972131,34.313633,35.99788832766815,0.0011759850889109282,0
20,0.0990381753215423,32.935726,35.767254080383566,0.0011759850889109282,0
21,0.09512641911323254,32.317734,36.82545472010011,0.0011759850889109282,0
22,0.0908512484568816,31.587715,34.96894950211816,0.0011759850889109282,0
23,0.08711316694433872,30.92341,33.98448293301169,0.0011759850889109282,0
24,0.08378432272718503,29.9995,34.69153579417216,0.0011759850889109282,0
25,0.07796909975317809,29.0972,34.788847788209054,0.0011759850889109282,0
26,0.07712669670581818,28.645,31.46461612881509,0.0011759850889109282,0
27,0.07444434779194685,28.234497,33.86738623262987,0.0011759850889109282,0
28,0.06855009742654287,26.980589,32.1288943393036,0.0011759850889109282,0
29,0.06716017682964985,26.764797,33.2235084828389,0.0011759850889109282,0
30,0.06491873166882074,26.327229,33.5503652433469,0.0011759850889109282,0
31,0.06391306227216353,25.995953,32.72256712852118,0.0011759850889109282,0
32,0.05771213953311627,24.808971,33.27600779553851,0.0005879925444554641,0
33,0.05043125625413198,22.968493,30.56487577872215,0.0005879925444554641,0
34,0.043634022084566265,21.42812,30.610576719685174,0.0005879925444554641,0
35,0.0403788863752897,20.579998,30.75538403588815,0.0005879925444554641,0
36,0.0400170984176489,20.362349,29.62456121976795,0.0005879925444554641,0
37,0.038818032982257694,20.158142,29.840739180601716,0.0005879925444554641,0
38,0.037373457820369646,19.919933,31.867176039536112,0.0005879925444554641,0
39,0.036350109370855185,19.618868,29.65065458404148,0.0005879925444554641,0
40,0.03661136122850271,19.515438,29.94158434560882,0.0005879925444554641,0
41,0.03568071737312353,19.264833,30.016956795950303,0.0005879925444554641,0
42,0.035035635158419606,19.246048,31.14139034615054,0.00029399627222773204,0
43,0.031948222162631844,18.120352,29.524278894514485,0.00029399627222773204,0
44,0.028822469195494284,17.423153,29.495182413911614,0.00029399627222773204,0
45,0.02787936139278687,17.053461,28.911372106985983,0.00029399627222773204,0
46,0.026929720863699914,16.81319,28.615058538739774,0.00029399627222773204,0
47,0.02676121174142911,16.79634,29.034325595577386,0.00029399627222773204,0
48,0.02565944497115337,16.517706,28.950883194100705,0.00029399627222773204,0
49,0.026549481500226717,16.620857,28.944456501580103,0.00029399627222773204,0
50,0.0267156676031076,16.58126,28.494099932167153,0.00029399627222773204,0
51,0.02607183145502439,16.493845,29.52201471615247,0.00029399627222773204,0
52,0.02585328363168698,16.334742,29.236514709538145,0.00029399627222773204,0
53,0.024168252457792944,15.96575,29.305643662874278,0.00029399627222773204,0
54,0.0242877694276663,15.96017,29.914187353568014,0.00029399627222773204,0
55,0.024349781025487644,15.928799,30.82392153924115,0.00029399627222773204,0
56,0.023676686375760116,15.732615,30.557309433114376,0.00014699813611386602,0
57,0.022132219245227482,15.189946,29.913411594767428,0.00014699813611386602,0
58,0.02218202263689958,15.240377,29.281085959831533,0.00014699813611386602,0
59,0.02167138606309891,15.094183,29.758689462882767,0.00014699813611386602,0
60,0.02111237937441239,14.819811,29.497696553177075,0.00014699813611386602,0
61,0.02150710319670347,14.916711,29.672744914697475,0.00014699813611386602,0
62,0.02032487282099632,14.691055,29.74574311710734,7.349906805693301e-05,0
63,0.02020483700415263,14.536908,29.614392186439087,7.349906805693301e-05,0
64,0.020504015755768004,14.577189,29.3929310254273,7.349906805693301e-05,0
65,0.020621862190847214,14.573925,29.425233382523828,7.349906805693301e-05,0
66,0.019134099437640262,14.037441,29.391333338528742,7.349906805693301e-05,0
67,0.019440691803510372,14.2567215,29.427813141131093,7.349906805693301e-05,0
68,0.019432305215069882,14.268633,29.745193792515046,3.6749534028466505e-05,0
1,0.3924648277461529,78.81316,72.87142210295706,0.0011759850889109282,1
2,0.3146110149100423,67.569336,66.74965698275216,0.0011759850889109282,1
3,0.28132953005842865,62.806347,67.29568038048683,0.0011759850889109282,1
4,0.2557580922730267,58.68818,65.81182763070771,0.0011759850889109282,1
5,0.23126900987699628,54.983665,64.19759486144756,0.0011759850889109282,1
6,0.22488760971464217,53.8771,62.86141725019975,0.0011759850889109282,1
7,0.20520542142912745,50.852207,63.03469107987045,0.0011759850889109282,1
8,0.19848252681549639,49.943947,60.43709162922649,0.0011759850889109282,1
9,0.18294130731374025,47.32623,61.381786321664784,0.0011759850889109282,1
10,0.18616649752948433,47.42781,64.08053232168223,0.0011759850889109282,1
11,0.17290572228375822,45.609013,56.90786029766132,0.0011759850889109282,1
12,0.1540212754625827,42.81636,53.24505133030218,0.0011759850889109282,1
13,0.14713689009658992,41.621822,50.30318815057928,0.0011759850889109282,1
14,0.14125540968962014,40.88657,54.8989424272017,0.0011759850889109282,1
15,0.13142979587428272,38.890476,50.68474536747127,0.0011759850889109282,1
16,0.1283322264207527,38.518974,50.8738285824334,0.0011759850889109282,1
17,0.12080861174035817,36.978413,48.78598601271064,0.0011759850889109282,1
18,0.11533745552878827,35.974895,47.98010764183936,0.0011759850889109282,1
19,0.1066787022864446,34.235207,45.587227916304684,0.0011759850889109282,1
20,0.10818659589858726,35.053997,47.25893161823223,0.0011759850889109282,1
21,0.09782988822553307,32.90116,47.244788025364734,0.0011759850889109282,1
22,0.09779308148426935,32.599277,45.143175513197335,0.0011759850889109282,1
23,0.0932226607692428,31.947826,44.709366521794045,0.0011759850889109282,1
24,0.08927498530829325,31.742022,43.84731729515703,0.0011759850889109282,1
25,0.08613680041162297,30.907885,40.41717786912794,0.0011759850889109282,1
26,0.07959475659299642,29.527596,39.376091804339254,0.0011759850889109282,1
27,0.07608530850848183,28.855875,41.15563676677225,0.0011759850889109282,1
28,0.07589435984846205,28.685814,39.740729707660094,0.0011759850889109282,1
29,0.07197586219990626,27.780409,40.63430893472779,0.0011759850889109282,1
30,0.06537924002623186,26.405983,41.36910043856798,0.0011759850889109282,1
31,0.06302559698815458,26.112247,42.019698700347504,0.0011759850889109282,1
32,0.06700861098943278,26.715073,40.25811207758916,0.0005879925444554641,1
33,0.053688844229327515,23.724506,38.59015582030986,0.0005879925444554641,1
34,0.04816944626509212,22.73706,38.0819057117809,0.0005879925444554641,1
35,0.043573774077231064,21.56123,37.538867661447235,0.0005879925444554641,1
36,0.04172602988546714,20.988008,35.02346335241805,0.0005879925444554641,1
37,0.041560031357221305,21.02713,37.44791038315017,0.0005879925444554641,1
38,0.04162943208939396,20.683844,37.22359658938982,0.0005879925444554641,1
39,0.0396971737354761,20.57756,35.81606759240617,0.0005879925444554641,1
40,0.038143790792673826,20.103828,36.04349639198997,0.0005879925444554641,1
41,0.03678851536824368,19.699354,37.45904479914413,0.0005879925444554641,1
42,0.03844756705802865,19.936684,36.09914345349068,0.00029399627222773204,1
43,0.03252098354278132,18.512672,36.672987892514186,0.00029399627222773204,1
44,0.03134328729356639,18.181675,35.08684152545351,0.00029399627222773204,1
45,0.031251001433702186,17.923464,34.95172787951184,0.00029399627222773204,1
46,0.029363206267589703,17.717365,34.73945582996715,0.00029399627222773204,1
47,0.02812726958654821,17.172163,35.11944357141272,0.00029399627222773204,1
48,0.028231476549990475,17.173162,35.573229100281026,0.00029399627222773204,1
49,0.027625586051726714,17.156935,34.84588969837535,0.00029399627222773204,1
50,0.026884401464485563,16.721518,34.42324944698449,0.00029399627222773204,1
51,0.027284224546747282,16.945866,34.87124329934389,0.00029399627222773204,1
52,0.026741635461803526,16.775595,34.416606919590016,0.00029399627222773204,1
53,0.02583042427431792,16.57319,34.544082666372326,0.00029399627222773204,1
54,0.02502362812811043,16.242207,34.53812077344754,0.00029399627222773204,1
55,0.023627369620953687,15.922475,34.72067923772903,0.00029399627222773204,1
56,0.024457669991534203,16.056835,33.33302989976231,0.00029399627222773204,1
57,0.023648669724934734,15.831971,33.77582145459724,0.00029399627222773204,1
58,0.023336582205956802,15.677094,35.06837543471035,0.00029399627222773204,1
59,0.02476886223303154,16.104132,35.12229911176673,0.00029399627222773204,1
60,0.02293231399380602,15.546207,33.98950499992866,0.00029399627222773204,1
61,0.021979035111144185,15.299784,33.73556509472075,0.00029399627222773204,1
62,0.022784442713600583,15.431487,34.64903749738421,0.00014699813611386602,1
63,0.02123228470009053,15.133619,34.04184362898658,0.00014699813611386602,1
64,0.020882543482002802,14.988161,33.91563499747933,0.00014699813611386602,1
65,0.019958951641456224,14.64369,33.637498426230955,0.00014699813611386602,1
66,0.019503582836478017,14.410152,34.025016437877305,0.00014699813611386602,1
67,0.019519655863405205,14.197526,34.29403950744893,0.00014699813611386602,1
68,0.019485670723952353,14.337402,33.86744800584141,7.349906805693301e-05,1
69,0.018066672375425696,13.835315,33.87321690976362,7.349906805693301e-05,1
70,0.018060617891023867,13.904816,33.74856443529005,7.349906805693301e-05,1
71,0.017975074413698167,13.753041,33.64932804190235,7.349906805693301e-05,1
72,0.01783941828762181,13.836144,33.88405789131726,7.349906805693301e-05,1
73,0.017672680551186204,13.581318,33.87715879663244,7.349906805693301e-05,1
74,0.018377486674580723,13.901225,33.950641731163124,3.6749534028466505e-05,1
1,0.3999706001486629,79.73192,62.66866030609398,0.0011759850889109282,2
2,0.3183985189534724,67.67504,63.35403798755846,0.0011759850889109282,2
3,0.2875314010307193,63.2769,58.74205747403597,0.0011759850889109282,2
4,0.25763129093684256,58.56976,62.043378855052744,0.0011759850889109282,2
5,0.23804164899047464,55.57729,51.858052253723145,0.0011759850889109282,2
6,0.22337542846798897,53.288757,50.64833496327986,0.0011759850889109282,2
7,0.2075972300954163,51.158924,51.029087233961675,0.0011759850889109282,2
8,0.19989288575015962,49.799816,52.54076884922228,0.0011759850889109282,2
9,0.18916245142463595,47.910183,51.23617860727143,0.0011759850889109282,2
10,0.17055154079571366,45.125828,47.101371681481076,0.0011759850889109282,2
11,0.1605625570518896,43.710155,47.85445154758922,0.0011759850889109282,2
12,0.15456931479275227,42.36923,47.588124199917445,0.0011759850889109282,2
13,0.1456130634760484,41.043854,48.58892683397259,0.0011759850889109282,2
14,0.138598263845779,39.89356,46.05035364418699,0.0011759850889109282,2
15,0.12695264327339828,38.062645,45.11743599071837,0.0011759850889109282,2
16,0.12495216086972505,37.45671,44.69081652791876,0.0011759850889109282,2
17,0.11196029256097972,35.282707,42.43102910225851,0.0011759850889109282,2
18,0.11216618900652975,35.35273,46.23966808486403,0.0011759850889109282,2
19,0.10694537730887532,34.507164,41.071056273945594,0.0011759850889109282,2
20,0.09772637428250164,32.871197,43.41709797005905,0.0011759850889109282,2
21,0.09131546242861077,31.788315,42.545023215444466,0.0011759850889109282,2
22,0.08790561679052189,30.99175,42.737624628502026,0.0011759850889109282,2
23,0.08752109343186021,30.939222,40.361986110084935,0.0011759850889109282,2
24,0.07955664698965847,29.372753,41.4719832403618,0.0011759850889109282,2
25,0.07628763228422031,28.473568,41.423198900724714,0.0011759850889109282,2
26,0.0757425677147694,28.569683,39.929027908726745,0.0011759850889109282,2
27,0.06769625563174486,26.98132,40.67689617056595,0.0011759850889109282,2
28,0.06242217478575185,25.78097,39.339040321216245,0.0011759850889109282,2
29,0.062381677387747914,25.80145,38.575525660263864,0.0011759850889109282,2
30,0.06123891664901748,25.6094,39.63867997286613,0.0011759850889109282,2
31,0.06129462469834834,25.562672,38.40432136100635,0.0011759850889109282,2
32,0.0527279342059046,23.471771,40.98568377578468,0.0011759850889109282,2
33,0.05228366539813578,23.62073,38.43479208360638,0.0011759850889109282,2
34,0.05000425945036113,23.038969,39.38595412906847,0.0011759850889109282,2
35,0.05237504641991109,23.488977,37.476085687938486,0.0011759850889109282,2
36,0.04724107121000998,22.461355,39.40464198798464,0.0011759850889109282,2
37,0.04812108917394653,22.505497,36.475945573104056,0.0011759850889109282,2
38,0.043155163875781,21.354807,41.51644187224539,0.0011759850889109282,2
39,0.045460651599569246,21.58046,38.71899648298297,0.0011759850889109282,2
40,0.04560678655980155,22.030832,40.160731407633996,0.0011759850889109282,2
41,0.042576833395287395,21.20526,38.82430633745695,0.0011759850889109282,2
42,0.0397636815905571,20.418173,38.49458051146122,0.0011759850889109282,2
43,0.03779894168837927,20.016584,38.15694388172083,0.0005879925444554641,2
44,0.0313383263128344,18.23734,36.534148007108456,0.0005879925444554641,2
45,0.02745025222247932,16.87561,35.665563692126355,0.0005879925444554641,2
46,0.026054838774143718,16.677952,37.28119805821201,0.0005879925444554641,2
47,0.027100668638013303,16.751251,36.680580130794596,0.0005879925444554641,2
48,0.024914387657190673,16.108519,36.25746624929863,0.0005879925444554641,2
49,0.024721413923543878,16.18398,35.962490809591195,0.0005879925444554641,2
50,0.024857711119693704,16.03587,37.0268545820002,0.0005879925444554641,2
51,0.024675049367942847,15.838502,35.08941090734381,0.0005879925444554641,2
52,0.02307175807072781,15.758601,35.692546468032035,0.0005879925444554641,2
53,0.022481496227555908,15.471907,35.31094825476931,0.0005879925444554641,2
54,0.023395552489091642,15.62805,37.8918003032082,0.0005879925444554641,2
55,0.02266348099510651,15.403722,35.951457383339864,0.0005879925444554641,2
56,0.023199436109280214,15.636312,35.30573967883461,0.0005879925444554641,2
57,0.0213397943880409,14.920511,37.08599171722145,0.00029399627222773204,2
58,0.019446132384473458,14.243982,36.36945333815458,0.00029399627222773204,2
59,0.018214839277788997,13.801866,36.04960095254999,0.00029399627222773204,2
60,0.017885389403090812,13.689717,35.814150718220496,0.00029399627222773204,2
61,0.01698544948885683,13.3925085,35.09805985500938,0.00029399627222773204,2
62,0.016743878164561465,13.186115,35.17739255804764,0.00029399627222773204,2
63,0.017720693504088558,13.606177,35.60198440049824,0.00014699813611386602,2
64,0.01641588496568147,13.058878,35.300290659854284,0.00014699813611386602,2
65,0.01578802286530845,12.852294,35.09694799623991,0.00014699813611386602,2
66,0.01580380655650515,12.813882,35.05238762236478,0.00014699813611386602,2
67,0.016233045622357167,13.005958,35.15943475355182,0.00014699813611386602,2
68,0.015196349064353853,12.676724,35.67977810742562,0.00014699813611386602,2
69,0.016008710386813618,12.9663515,34.63499428933127,0.00014699813611386602,2
70,0.015551574979326688,12.6654215,35.23721945076658,0.00014699813611386602,2
71,0.015155063185375184,12.600316,35.34071237999096,0.00014699813611386602,2
72,0.015132713917410001,12.597086,35.10634336136935,0.00014699813611386602,2
73,0.015041754973935895,12.571818,34.702105003490786,0.00014699813611386602,2
74,0.014609085497795604,12.314984,35.23749360703585,0.00014699813611386602,2
75,0.015188718447461724,12.443952,34.67105862968847,7.349906805693301e-05,2
76,0.014812692046689335,12.278946,35.52587694870798,7.349906805693301e-05,2
77,0.014600540307583287,12.384405,35.45941801238478,7.349906805693301e-05,2
78,0.01433910385821946,12.18563,35.2026879327339,7.349906805693301e-05,2
79,0.01424326861888403,12.143096,34.99437397404721,7.349906805693301e-05,2
80,0.014239750744309276,12.152499,35.124948367737886,7.349906805693301e-05,2
81,0.013813582205330022,11.939197,35.31734151170965,3.6749534028466505e-05,2
82,0.013892622067942284,11.976701,35.08267742290831,3.6749534028466505e-05,2
83,0.015081156714586541,12.530692,35.26015500855028,3.6749534028466505e-05,2
84,0.013445897406199947,11.884353,35.16187838504189,3.6749534028466505e-05,2
85,0.014166323562676553,12.004555,35.00456371641996,3.6749534028466505e-05,2
86,0.013861463208741043,11.917819,35.07060537840191,3.6749534028466505e-05,2
87,0.013924985818448476,12.028686,35.217871590664515,1.8374767014233252e-05,2
1,0.4079473349265754,80.162704,70.13586074694068,0.0011759850889109282,3
2,0.3287305352278054,68.101074,65.80881766091406,0.0011759850889109282,3
3,0.29683437244966626,63.709824,62.664849905841116,0.0011759850889109282,3
4,0.2648884025402367,58.91183,64.7850316140504,0.0011759850889109282,3
5,0.2468977808021009,56.341274,59.323753871748934,0.0011759850889109282,3
6,0.2304720184765756,53.63413,56.7926865467983,0.0011759850889109282,3
7,0.2098427367163822,50.81762,52.76514405275868,0.0011759850889109282,3
8,0.19375558535102755,48.19969,52.2648795642684,0.0011759850889109282,3
9,0.183053141226992,46.503185,55.224220115526585,0.0011759850889109282,3
10,0.17137430026195943,44.579266,55.33395813629691,0.0011759850889109282,3
11,0.16773941076826304,44.255943,53.56618706525955,0.0011759850889109282,3
12,0.15001239557750523,41.440353,47.67445669764966,0.0011759850889109282,3
13,0.13960899133235216,39.55199,48.25237601626236,0.0011759850889109282,3
14,0.13240942964330316,38.4141,44.51516970912967,0.0011759850889109282,3
15,0.1322969897883013,38.241184,45.65669407464762,0.0011759850889109282,3
16,0.12113244191277772,36.6359,46.10197582076081,0.0011759850889109282,3
17,0.10836638265755028,34.279163,46.68367078662973,0.0011759850889109282,3
18,0.10602429404389113,33.85828,45.097050042279,0.0011759850889109282,3
19,0.09816086880164221,32.271927,44.73653369667256,0.0011759850889109282,3
20,0.09665286395465955,31.998518,44.035230214616895,0.0011759850889109282,3
21,0.09059496637200937,31.274696,43.91775277230592,0.0011759850889109282,3
22,0.08539457450388,30.02232,40.84788743584557,0.0011759850889109282,3
23,0.0803331223432906,29.021597,43.88976325819978,0.0011759850889109282,3
24,0.07857151830103248,28.904783,40.03770872976928,0.0011759850889109282,3
25,0.07675072405254468,28.430883,42.19535991364876,0.0011759850889109282,3
26,0.07294441846897826,27.716627,40.50764748902447,0.0011759850889109282,3
27,0.0716045469744131,27.266682,41.218712249688345,0.0011759850889109282,3
28,0.06677315820707008,26.406853,39.20759504031291,0.0011759850889109282,3
29,0.061118821846321225,25.302864,38.80025578389126,0.0011759850889109282,3
30,0.05929044936783612,24.746431,38.92599564948968,0.0011759850889109282,3
31,0.05964171793311834,24.870022,41.55823028193111,0.0011759850889109282,3
32,0.05439048749394715,23.793453,38.652972761508636,0.0011759850889109282,3
33,0.05087477894267067,22.881927,39.91584951687703,0.0011759850889109282,3
34,0.05043106875382364,22.938053,39.54583452444161,0.0011759850889109282,3
35,0.05263207547250204,23.198462,39.16647757471135,0.0011759850889109282,3
36,0.049988673359621316,22.78936,39.812345167176915,0.0011759850889109282,3
37,0.05049414822133258,22.963829,41.88579709550976,0.0011759850889109282,3
38,0.04412237476208247,21.41789,39.604434460665274,0.0005879925444554641,3
39,0.03604663323494606,19.127905,39.16588394198797,0.0005879925444554641,3
40,0.03346550551941618,18.583248,37.43465069120964,0.0005879925444554641,3
41,0.03125443519093096,17.983032,38.62738683582407,0.0005879925444554641,3
42,0.029114392440533265,17.222504,37.46237272920862,0.0005879925444554641,3
43,0.029319756955374032,17.380596,37.71097718297908,0.0005879925444554641,3
44,0.02811136533273384,16.988335,37.98620945584457,0.0005879925444554641,3
45,0.028901607161969878,17.232273,35.9290406725048,0.0005879925444554641,3
46,0.02811588643817231,16.839186,37.226994303475436,0.0005879925444554641,3
47,0.027899480221094564,16.718487,37.034009604327444,0.0005879925444554641,3
48,0.02649811762967147,16.512524,36.02942519061333,0.0005879925444554641,3
49,0.025462797551881522,16.110653,36.898159373123036,0.0005879925444554641,3
50,0.02560761009226553,16.219475,35.53654071504036,0.0005879925444554641,3
51,0.025415428695851006,16.16387,36.700288882297755,0.0005879925444554641,3
52,0.025590628283680417,16.142893,35.94991792830746,0.0005879925444554641,3
53,0.024089943341095932,15.734864,35.83998778858016,0.0005879925444554641,3
54,0.023317814207985066,15.406465,37.24466660592408,0.0005879925444554641,3
55,0.024325777892954648,15.7722435,38.293787593335175,0.0005879925444554641,3
56,0.023229438316775486,15.380179,36.09169738904565,0.00029399627222773204,3
57,0.020609714163583703,14.529257,36.80225500596308,0.00029399627222773204,3
58,0.019644448824692518,14.194852,36.0325345908646,0.00029399627222773204,3
59,0.019131683628074825,14.0248,36.28495008755574,0.00029399627222773204,3
60,0.01973877669661306,14.228875,35.83030993537565,0.00029399627222773204,3
61,0.018866475293179974,13.920724,36.556631333005114,0.00029399627222773204,3
62,0.01901327473751735,13.8928995,36.48374929681288,0.00014699813611386602,3
63,0.01693655818235129,13.20704,36.220756125661126,0.00014699813611386602,3
64,0.01660405978327617,12.944121,36.383444726994604,0.00014699813611386602,3
65,0.016544275000342168,13.037102,36.842628107661696,0.00014699813611386602,3
66,0.016950487057329156,13.188251,36.57784377579141,0.00014699813611386602,3
67,0.017112165201979224,13.161348,36.46130220024987,0.00014699813611386602,3
68,0.016484419989865273,12.878562,36.529321628334245,7.349906805693301e-05,3
1,0.3974010861836947,77.716324,76.210068493146,0.0011759850889109282,4
2,0.3170848259559044,65.946495,70.75419733021826,0.0011759850889109282,4
3,0.2838779146854694,61.295795,71.57615269032294,0.0011759850889109282,4
4,0.2671025147804847,58.600937,66.20650489020241,0.0011759850889109282,4
5,0.24573533855951749,55.56087,57.482830535135996,0.0011759850889109282,4
6,0.2300479125518065,53.384987,58.44140104114207,0.0011759850889109282,4
7,0.21613121491212112,51.061115,51.318714355674025,0.0011759850889109282,4
8,0.20116137724656324,48.491314,54.050603387601704,0.0011759850889109282,4
9,0.18949538285915668,47.041138,53.95990119386681,0.0011759850889109282,4
10,0.17085801844413465,44.18936,49.85774035090288,0.0011759850889109282,4
11,0.16492035274322217,43.182613,50.715262254791945,0.0011759850889109282,4
12,0.15351155320039162,41.3012,49.848445327827214,0.0011759850889109282,4
13,0.1411510155751155,39.23274,47.32317352294922,0.0011759850889109282,4
14,0.13821395475130815,39.15642,44.67714123234086,0.0011759850889109282,4
15,0.1301829117995042,37.682568,48.116731541039165,0.0011759850889109282,4
16,0.12022613057723412,35.824337,42.823202680579215,0.0011759850889109282,4
17,0.11576043183986957,35.147087,44.02791532165801,0.0011759850889109282,4
18,0.11285540874187763,34.86,40.08539197263162,0.0011759850889109282,4
19,0.10336839946416708,33.04516,40.40991158763389,0.0011759850889109282,4
20,0.09965372641499226,32.373024,41.75477872087282,0.0011759850889109282,4
21,0.09497856165354068,31.445705,40.887256340061064,0.0011759850889109282,4
22,0.08959853935700196,30.603258,41.17340857672585,0.0011759850889109282,4
23,0.08888445834700878,30.52803,37.81749669746433,0.0011759850889109282,4
24,0.08245912354726058,29.068718,38.651408122793974,0.0011759850889109282,4
25,0.07832565227380166,28.277138,37.7754735476233,0.0011759850889109282,4
26,0.07248596526109255,27.316093,37.06178189606945,0.0011759850889109282,4
27,0.07046870904473158,26.709713,36.33177918917395,0.0011759850889109282,4
28,0.0703836508668386,26.875648,38.61539268493652,0.0011759850889109282,4
29,0.06385289459274365,25.550531,35.66065443577788,0.0011759850889109282,4
30,0.06081137685821607,24.75237,32.969250067467115,0.0011759850889109282,4
31,0.0593078025831626,24.513031,35.16222972613279,0.0011759850889109282,4
32,0.057211007464390534,24.076334,36.28359637239054,0.0011759850889109282,4
33,0.055714775908451815,23.705008,36.62046129714213,0.0011759850889109282,4
34,0.05381465565699797,23.446833,35.05524687489052,0.0011759850889109282,4
35,0.05237347558140755,22.957535,34.00804506823621,0.0011759850889109282,4
36,0.0481947337778715,22.039959,33.1020994998949,0.0005879925444554641,4
37,0.04094185923727659,20.377146,31.908163994417063,0.0005879925444554641,4
38,0.03548491872273959,18.8028,31.700740437871136,0.0005879925444554641,4
39,0.033216104226616715,18.139267,32.04569531770031,0.0005879925444554641,4
40,0.03258823164953635,18.04784,32.3598493909622,0.0005879925444554641,4
41,0.031028155953838274,17.710066,33.16657168127496,0.0005879925444554641,4
42,0.0315997276455164,17.738365,32.890981049815636,0.0005879925444554641,4
43,0.030698583590296598,17.475285,31.887413469665255,0.0005879925444554641,4
44,0.02844437320645039,17.085678,32.77277594938406,0.00029399627222773204,4
45,0.027914284083705682,16.565306,32.00682919763129,0.00029399627222773204,4
46,0.025223965713611015,15.88608,31.64212168706372,0.00029399627222773204,4
47,0.024698404437647415,15.886778,31.625570904513644,0.00029399627222773204,4
48,0.024646368937996717,15.539718,31.200450059009775,0.00029399627222773204,4
49,0.022445483419757623,15.142357,31.395920569586647,0.00029399627222773204,4
50,0.022671183241674532,15.0999775,32.15131633912501,0.00029399627222773204,4
51,0.022618205487154996,15.16157,31.769069432143137,0.00029399627222773204,4
52,0.022530411670987422,15.059447,31.42301851965387,0.00029399627222773204,4
53,0.02192797795511209,14.815981,31.298816287464092,0.00029399627222773204,4
54,0.021355793496163993,14.733403,32.0682277337318,0.00014699813611386602,4
55,0.019908183111021154,14.140166,31.298185827486183,0.00014699813611386602,4
56,0.021052741502913145,14.424201,30.98615214429094,0.00014699813611386602,4
57,0.01987668858984342,14.179257,30.335917015246746,0.00014699813611386602,4
58,0.01962083844611278,13.993617,31.02444984025485,0.00014699813611386602,4
59,0.0193242947356059,13.880687,31.371470412865882,0.00014699813611386602,4
60,0.019113961721842106,13.841097,30.246669008058284,0.00014699813611386602,4
61,0.019590831791552212,13.936509,30.656915408078866,0.00014699813611386602,4
62,0.019023569229130562,13.810301,30.407723234373357,0.00014699813611386602,4
63,0.018452103278384757,13.63719,30.914176436283128,0.00014699813611386602,4
64,0.018993775704159187,13.612035,31.351312893923087,0.00014699813611386602,4
65,0.01840632390230894,13.565845,31.033677353452674,0.00014699813611386602,4
66,0.017976307654036926,13.386477,30.407526212957407,7.349906805693301e-05,4
67,0.017794733967345495,13.373241,30.626180845525766,7.349906805693301e-05,4
68,0.017585445510653348,13.279521,30.747536740495484,7.349906805693301e-05,4
69,0.017338946748238344,13.134687,30.54397613799091,7.349906805693301e-05,4
70,0.01729973184947784,13.07695,30.875863190723642,7.349906805693301e-05,4
71,0.01657215296649016,12.908019,30.403562237863582,7.349906805693301e-05,4
72,0.01669695877398436,12.984994,30.416103961756413,3.6749534028466505e-05,4
73,0.01741751148723639,13.110754,30.432822830473896,3.6749534028466505e-05,4
74,0.017086551410074417,13.062046,30.367822022716027,3.6749534028466505e-05,4
75,0.016204182860942988,12.92542,30.351334353733492,3.6749534028466505e-05,4
76,0.016902245280261224,12.993176,30.40237486629743,3.6749534028466505e-05,4
77,0.01623182726594118,12.798763,30.339735612740967,3.6749534028466505e-05,4
78,0.016329569140305887,12.819539,30.380350121468172,1.8374767014233252e-05,4
